3628b6bd-8cce-4dca-ac2e-41865c60f9a9,happy
c4a1d883-f75c-43d0-9891-d3bcf76992e7,happy
1e631b1f-9187-4f8a-9784-1d4516d026c0,happy
abb7608d-b0a6-43dc-9e00-44d5c83937bd,happy
6fb4c6b2-2231-479a-abc1-389832aa3ea0,happy
4984ddb5-241a-40e2-b72b-6de49368f2da,happy
c04862f8-e1b7-4961-a592-38f1cf78a13b,happy
a57ce23c-cfe6-40c4-b5c7-f330ba983432,happy
9ed6fae5-6d07-4995-9e50-b1330385ed43,happy
9039a2aa-f552-43d1-939c-9c630a190095,happy
721aed47-9d75-47af-9a63-9a54b29e6f31,happy
685a3fe2-092e-469c-a801-1bcc60408b21,happy
4d5c0fac-5937-403d-9802-436ffaa9e3eb,happy
48b64da8-57d9-47ba-9a7f-fbfd3af722bb,happy
464c3ca4-cbba-4b34-ac42-a700b80cb0ed,happy
26730cb6-2bf4-47fa-b36c-2b43eaa242de,happy
0e0e9fd4-3fd7-4dff-881f-e8b19b6b9637,happy
ff443dba-f3ec-4157-b53e-52cb686b0ecc,happy
ba935dcf-deef-407d-b7f9-20107d3f7d65,happy
fe2bb080-0a48-40c8-9269-2b25d3c30773,happy
f4d092d4-9cca-49d9-8e1f-8efbb1c38ad7,happy
f1f7fddd-1f6c-4b67-a12b-3a63ec3ba2f5,happy
f0d74eb5-b472-4b51-af01-78f842a3e6ef,happy
e01c9649-a92a-4485-994f-1b90f7cfbd58,happy
b428a6af-8ab0-440e-a026-5211f999db58,happy
b21a61d4-f138-4373-a62e-b2b07b94605a,happy
a5aed539-a276-423d-9e45-2d6468863dd8,happy
a3a81850-69c9-46ae-8f4b-74ff0ef43af7,happy
954a4a89-92bd-433c-9cde-6d2425e82158,happy
90f22fb3-0345-4a13-a207-e349843fa89d,happy
789ab065-9def-4310-a668-cb4b2076fd17,happy
6c36bf8d-3db9-4b5a-864b-c14bd9593566,happy
165c0f62-d6fb-4f21-97bb-56d3564859f8,happy
11faa5bf-7319-465f-8470-113a79c6f347,happy
1102f8c3-6ca2-4dde-bee3-f2b8d77771ac,happy
1c143aad-ad6d-4ee6-b53e-279d6c060d70,happy
5b1568e9-b5fb-422d-b12f-263174d27ea4,happy
59342261-f68f-4c1f-9044-3cb552c5c993,happy
65cedc54-6aea-4af1-9f3a-9f83f06bcb48,happy
d97a0cfc-e4b9-4fe0-bd7d-b9f49190e84b,happy
7a301f35-4d33-4cc6-8706-658681bc0f65,happy
72f5b337-8cf5-4d06-bf57-8f01b404edaa,happy
7b464471-4880-45c0-817f-f49cf3d8dea2,happy
fe35bc21-cd5e-44bf-a685-95a4c1f39e2a,happy
fabc8bcc-c4cf-4a88-b225-7464a45bcf38,happy
8e48d82c-94a6-438f-9424-6c8556b9e4e7,happy
dbb4329d-52c3-4788-861f-51676ec9fa34,happy
d83a76b3-5d6b-44b9-b8e2-11bdff2ba52b,happy
cbbd4296-d929-40d5-b97d-ff610200ff1a,happy
cafbc32e-0d88-4176-b358-5aa1d805438a,happy
aeedd33d-00f8-442d-af28-0980b3206e0e,happy
ac46179f-a778-49d2-8411-e456c244a301,happy
a57b6266-d541-4f5e-b63b-05cbdaefcb73,happy
8f55628a-2e25-48dd-94f7-51909acb7ac0,happy
8ec473c7-7a17-411b-89d5-f1e7ffedea7a,happy
72653b6e-aa9a-4226-81f7-6b4688bff6b6,happy
693f5dc6-b193-4dff-b128-b9e6c0a9d40f,happy
5bbdc556-38b4-45d4-9a65-c54b2bd49e20,happy
34e25970-1c67-4ec5-9a89-28da4fd12a7b,happy
247a2cb4-eb5a-4b93-b43f-5c9e6393407a,happy
09cf5dee-844e-49b6-93c1-43442b7558ec,happy
1f84388f-5655-46a1-a919-2d71549eb54f,happy
60f99c3f-c003-48b5-97b2-a18b2a3ce6b4,happy
cbb5629e-0f18-46c2-9ed6-ddf854ae002c,happy
cf28821d-6861-48fa-9e29-02b9b81651cf,happy
4e9b0333-b734-40c2-9379-252afb63ae78,happy
7af962b9-f89d-4957-bb87-7bb732fb8d38,happy
7a6d673c-ea88-4dd4-a521-e0304545632c,happy
b0a264b1-632b-40e5-81d6-18d2e9702303,happy
ed852eb3-8f4a-4bdc-abe6-2f867131a121,happy
db5eda87-65bd-4827-8398-f4631186a842,happy
d7596eb7-95a3-49d1-804e-647f28348210,happy
d7124bfb-63b1-4ad3-8f45-51842151ffb2,happy
c17736a1-3181-4c2e-bce3-987f2c1b1824,happy
b899f9be-1f8e-4fc5-bc44-46c580fc646d,happy
af4d6e57-9be3-4c30-9e2a-407021e5dfa4,happy
a96f74a3-db8c-4eab-baf0-630f99ded50d,happy
936812d8-0c9a-4faa-a0b7-122dd96fdfbb,happy
8fa8d7bc-e042-401d-8570-6b0bbc3d2463,happy
8e217bcc-8693-4939-bb6a-ccce76d21780,happy
76915743-b583-4066-864c-7ea916fd3759,happy
744fea03-8326-48cd-82a1-698943844f48,happy
5f66e15c-f86d-4a06-a032-08666ddd25c4,happy
4b3f09b5-d550-4556-acca-3b470b48ed8a,happy
463136aa-473c-4438-99ec-3b154d25dccb,happy
4395f31d-3553-470b-b7c2-6cdba90184ca,happy
42a05669-8605-4015-ac28-7ba024be3426,happy
4139cfcf-7913-49b7-bc22-b9c207a5dd9a,happy
4097f0af-e110-4d5a-9bba-bbfa1763c562,happy
2e598294-1571-4d53-b426-732fc4878c1d,happy
27103fe5-6ac3-4b75-ba72-5f966e19c0c1,happy
18f52035-e3a9-4ea1-a589-3ccae474fb4d,happy
1645da55-3821-491a-84fa-edb5da1196ee,happy
1356186b-94e9-4837-a1c3-e21d6e6f879a,happy
0bd6f792-b7a6-455a-9ef3-ccb6eb170fdb,happy
03dd5fce-d46a-4e48-81e6-e9a101c62d2f,happy
03861604-e46a-4d4c-bac3-7774e0541e4a,happy
164e2a32-1949-424f-b052-e0cfa3d6e3ae,happy
1cf5774f-84dc-4ee0-a531-cb06db501d23,happy
594eb21a-f142-461b-b197-9013c4296b47,happy
6c8233dc-0537-431d-890e-74a2bb82fca1,happy
c594581b-b7d0-4390-b876-fb7e469916d6,happy
c7dd8639-4e43-4c34-a587-d337737ba7d3,happy
2aefd429-a638-48f1-8bff-722d58e6fb6a,happy
93665b9f-f5a7-4c97-890a-7352eadccceb,happy
72a70f41-dd13-48b2-8ea1-255e3e4dc3de,happy
7d8c7a26-888a-4e8a-b9ca-11cbe825d314,happy
3be4690e-5c97-4d78-92fd-d3df9e7119ac,happy
ffc2a019-86d0-424b-81d8-6404cc6dba9e,happy
faa7a6de-30fb-4b5f-b39e-634ee5204292,happy
e4a40960-4493-4a44-86ea-0bad02469f2f,happy
d358155b-7260-4e00-baa1-c6ca4fe66d11,happy
d13edb8e-d404-4470-815d-70aa04528353,happy
c6348e63-4042-4be0-abda-22951da06486,happy
c50ad190-03ba-4978-b1b2-4642a1ea6409,happy
b7314127-88a9-4265-a9a1-1cd95678f8e4,happy
aa611a72-7aa2-44c4-84b5-aed0275eddfd,happy
9e45bab4-9809-4336-9ea9-83470f8cd076,happy
918ea23b-9855-42b1-83f1-8aed7b34bae4,happy
6dc2d225-79d5-46ea-89e5-4d2f47470842,happy
6209dd7a-8433-480c-997d-185e88773db2,happy
588a9873-3988-403f-b7cd-559970dd8e14,happy
58647970-f57a-45ac-b701-51a85eb6d400,happy
54823afd-5c5c-4e2e-99ac-db43fc076759,happy
4c8ebb12-fbef-4274-94e5-e168869b0c5d,happy
4a4f7301-62c2-49c5-b733-589f4439cc38,happy
49719348-5c73-42f1-9c96-cf9dbaa4d358,happy
471439a4-a403-4bad-aaec-38af285097d0,happy
45ed2b7a-1f29-426c-aaeb-33739a18cc34,happy
34221934-f26b-4570-8ef6-6c376114d390,happy
327c7444-281e-4904-8642-87c15c2069c6,happy
1a5fd4fd-5e74-4790-91d4-5cad53eedbdb,happy
1637ecbc-3f49-4a2f-a364-12f2752e51ea,happy
0805693b-cb08-4a55-90b7-c6c6c8d8fe0f,happy
5bd4ffe7-b93a-43a9-ba45-5a43981abff4,happy
6e6badee-3c25-4612-9eb2-dd943dc54261,happy
cf5babed-82c7-471d-bf9d-a82b0399f536,happy
e6103d2a-371c-4f23-8e13-f3a4e6cfe76b,happy
e57dd65b-ec9d-4b48-85b8-ee28ce215e96,happy
e732a82e-e197-42be-81de-17d5de2e2fe0,happy
95143c11-79e6-48c7-8145-4de32cf1187d,happy
9074d798-be80-4936-8640-564548811257,happy
dbb0d8e2-bf1c-48eb-a03a-6818905f3c92,happy
d9783a93-57c6-4a2c-8d25-ed1571cf25c8,happy
3e74f9dc-564b-4a90-8f20-2c4603f84441,happy
3722829b-d598-4259-a031-c74e059ff198,happy
3fc09ca8-3f75-4871-b05b-df8b6110e247,happy
a5240de4-0a03-4dd3-a577-108879d7bc27,happy
fabc7bd2-7c06-4bbb-8044-b8495897114e,happy
bf840743-771d-49f5-a428-f44a6f92c325,happy
bcd635fe-ef8b-41a1-ad20-cf3cf737e4ca,happy
834eee60-1fa3-462b-8bb8-a002ff55640a,happy
fe4e2359-6d6d-4381-8828-442dfdcab4ae,happy
fdf38e6a-0ba2-4f9f-8b7c-01deb0fb05f0,happy
f367ad6e-efd5-4496-aba5-21a4edcd82c6,happy
ebdc965b-bf9f-4166-85a8-0dd66bf8d14c,happy
eb4cfb1a-fcb1-4000-bbe4-64894b619659,happy
def8d3b0-1ffa-4253-bf54-c75bb329d717,happy
d7d9a861-8012-4ea5-8169-786cfd95b571,happy
d59d7892-9cdc-4543-8458-df0f0d72e6f7,happy
d57a3646-ead0-48fe-be78-c1b54be31d56,happy
d1367b7d-942f-4ae0-89d7-f1055ad37b12,happy
caf3e13a-b47d-47cc-bbcb-fff5714c5160,happy
c16efdba-a32c-4db5-a6c5-29c08e00dbf1,happy
c1228ecd-1c90-46e0-a305-dd3104504bb5,happy
c02a25d3-88f9-44cc-b125-5cdff57aec13,happy
b4f5e3e4-68f6-425a-92bf-0347910b1337,happy
b1826d28-e243-4ebb-9f73-718653d6cb74,happy
ad249bcc-37f2-4222-bbed-6caaa8dd384f,happy
a363f54d-816b-40f6-a619-5bf05437a306,happy
9ccc7907-8a68-4ece-babb-17457a7abe8e,happy
974fafa6-43a8-4a5a-ab16-17566ee0804d,happy
96c81d38-3bef-4590-bf62-3ca13cd84372,happy
925a3dcd-4c89-48af-90fe-cff40de8baf1,happy
8bcc89c6-d3f9-406d-a986-c44f445ce660,happy
887bd241-e5d3-462c-abb0-9a60b6de9605,happy
8501cb56-150b-4cfa-a382-93ec112bd1f4,happy
841af47a-7b47-4b69-a8ca-56b54d9446e6,happy
794c8583-7694-4243-b1d6-cce0fce85cc2,happy
740b4bb5-f5e6-473d-87e8-45237644df4c,happy
7268995c-e2dc-4d13-8fce-16a570f5fbfe,happy
6013cbbc-7f7d-4eaa-893d-ed0cc5b54b91,happy
571eade5-59d2-4d91-8b79-6dedfef88717,happy
5268bc0e-cc91-4ac6-9473-396639971e5e,happy
4faa25df-2a82-4fac-a023-2aff9d2a62e0,happy
483e93be-021b-46d9-a567-3c8193e16f5a,happy
4138bde3-77d8-4a09-b935-8b4952f71a7d,happy
286f6995-7a7b-4b8c-9561-e35716f9507c,happy
28545bdd-d380-43e3-b79c-f95bab871396,happy
221ddeb5-379a-465e-8424-f200134b729e,happy
0bb06208-7834-4006-9260-fd5ebb475798,happy
9329f1ec-6027-450c-9ff8-ecddd2b08c31,happy
39f86642-9138-4d70-8814-a684bd7fc6e5,happy
c5ef441d-83ed-4abe-9d2f-9060afb3903d,happy
22298c0d-e37b-47f8-9f43-4d35a9d1e501,happy
a4531493-cab7-48d8-8cad-e851209d05b9,happy
66f408bd-a830-41bb-afaa-99a38798f82d,happy
772096ab-882f-4755-8f38-a38fb92b9cf5,happy
2917b21d-f07d-4621-ac1b-d13712c11db9,happy
97de0546-a275-4bf1-9f54-2410ba23f4b8,happy
2c2629c3-49aa-4840-92b9-0fd039311937,happy
9eb1daf9-0587-4eeb-977a-a5a5a8892316,happy
ffcc1b43-a189-4125-93b5-e91270ec32cf,happy
feef8e59-8fb7-4f82-aa56-f0e883b4ce42,happy
248c7ba4-52e6-40b5-b7a6-1a9635f65c3f,happy
3c59e257-d4af-4826-be7c-1e5e4dd78d13,happy
2d7d0b8a-2498-4a29-92f9-493a6673d944,happy
a0f75427-9f46-446d-b60f-2ff5d1370236,happy
72c75859-6889-4446-b881-d801c5c5fad5,happy
0826342c-6c5b-44d5-a8b9-fa44921cc37e,happy
afe464c7-cfd3-4ff5-b014-776d2577b5f4,happy
f6e87544-af86-4503-9225-8f601a2e2e64,happy
e37b3650-5078-445b-89f4-b927d46da2d3,happy
4e984353-bd27-42ba-8ebb-b8a1d278640d,happy
a382b481-9d77-477f-9cc3-4256fc1902b6,happy
c5c3dcad-2cde-4cdb-8b4a-9322f1ad6b4a,happy
2c6552d2-ac7b-4c0a-ad82-7fdb74ef7607,happy
7fe59343-77d8-41a7-8a96-1dfa2b7c5aa0,happy
641fdd62-b610-4be8-8b8d-ffe810825463,happy
0ed475d0-dd09-4c8f-8834-20a4bfc0b4e9,happy
d13d2c73-b581-418d-a3d5-98c881c5250a,happy
feacc2a9-67f8-4d04-ae24-c330e4d52193,happy
98412422-b837-4950-acf1-6aba9e1c8e41,happy
9efcbe39-00bb-451d-a666-be2a306ba35c,happy
28a27e7d-51d1-4e97-8b06-07540a8311a2,happy
8a6a5237-dda1-4320-9fe9-4ab8e8c1f2e9,happy
d35edebe-648a-4d19-a369-80a2fed84d7f,happy
ef848b07-6070-4e69-9a54-234364e99d06,happy
92a7c85c-e0d0-4600-a868-291327735b95,happy
f99dee70-65b9-4d78-9507-c6131d2b25df,happy
9540642f-dd34-46aa-be62-00f2187277eb,happy
7dbfaa13-4a9d-4389-8375-2a01ffaf9050,happy
bde6e178-8fb2-458b-b5cc-36205d047bec,happy
e917f143-e52c-4575-8705-745c5cd97f59,happy
d04731f6-dc2e-4fab-a0eb-b09444b98f0f,happy
cc2a7aff-103a-4230-804c-eae85124af2d,happy
876222b8-439e-4d76-8e62-53d51bc2f29f,happy
734e4fda-ef4f-4f93-8f69-e4207b18e36b,happy
5da41e10-0665-4cb2-8e32-fdc59a6e3983,happy
c27f96e8-24df-442b-af0f-127c0ec5debd,happy
213fa0b2-a5ef-4fe0-b008-da499726752d,happy
34131a5d-44d2-493a-a128-97dcce6065cd,happy
3570e18f-8a45-41f0-b811-c62de956cb33,happy
3ab3fc7d-6af8-4418-bfef-839f3fb107d9,happy
e7475665-ad96-4f65-a2be-291216ff160f,happy
cfe6a7b3-bd2c-48ff-aa6b-408f4366229e,happy
c1e82ca8-85fb-4f6d-8210-7ef0f152f08e,happy
90174a42-cc98-47a1-94f2-a28c06fe297f,happy
67518dbf-64fe-4c85-9143-6cdde3dc5801,happy
3fe77790-f1a5-4879-aa67-603c50080029,happy
33ce2f83-0871-4b70-8833-c32e7e78dfe0,happy
1bdb217c-1e0d-4764-a624-f5e4239c9a38,happy
6ecc0b0e-8fc4-4b97-87ed-e5b428c4fcbc,happy
9b47ff51-c441-4582-ade0-80a87233f0f5,happy
d221eabd-a363-4f4f-8a83-cb30d13d8f0a,happy
d5e30932-06df-4d25-b154-78e7e18a2a66,happy
ea5162cb-5a90-49e1-ad70-8537f941f266,happy
1058531c-2cc1-4381-8ef0-30fa9cda932d,happy
a5a2330e-2fff-4601-a715-6e68a8e98fbf,happy
d22aae13-fe94-43ed-8864-7e7ccbeeb1b3,happy
e9786277-da32-417f-9087-8531d8d0e91f,happy
f939409f-c292-4a8f-ad18-3d8d4cc07376,happy
d81d420d-faaf-4eda-85a2-a6fa5c508ae4,happy
28f2a90e-d51f-47dd-937c-74338e44b03e,happy
29f359aa-29ed-4e7b-a62f-7da7e7e9e3cb,happy
a9a9f2f9-e562-4c49-9316-b67c44f17e1c,happy
8060f0fd-d195-46eb-9af7-cea86a380e49,happy
3d80922f-324f-4282-82ae-affa0c62a80d,happy
55544d67-9bbe-46e8-b646-dbdda0b8bf29,happy
4a6565f5-e1a2-4f1d-a355-490e06f34f5b,happy
c8df58fa-800b-4ccd-a8c8-1fe950bff050,happy
f8ec006f-2af5-4d51-a707-c8ace2dfac22,happy
c5bd9d8e-b5a5-47de-b590-9dcf972944f5,happy
5354ce57-b3da-4897-85b9-2d671df33f7b,happy
0c5262e2-9da8-4e60-8d20-ce94ec26b882,happy
7fb71a96-0dae-488c-8641-671d44366f7b,happy
ed5a429d-730a-4c71-b7ce-53e53946b1e2,happy
7965dc17-4a06-46df-84cb-f86d24cbdf09,happy
5e2c4414-dc25-4833-8536-d731501da210,happy
4a76710f-5b21-4bc4-92d3-061a673a33c5,happy
83e27a89-e448-4695-b472-51deabaf4bd9,happy
ce796381-ab79-4516-be2f-e5720c6b234e,happy
f16444f0-e059-49e8-b367-e5031adb3297,happy
410a7dab-ca3b-49f5-b899-c841f55ce8e6,happy
7465e213-2d80-42d5-984b-82706a4840e5,happy
4e46af16-8968-4b86-a8b9-37f99dd91085,happy
f7475bcc-dc1d-4b0e-a932-79fba7572c4e,happy
844642e7-29ae-4f0e-8418-9fadc05612b3,happy
3a38d966-3ace-40fd-9e98-9bc61ae6bf55,happy
e4a1fc5d-f3ea-42f6-82ab-a1387648e6f7,happy
33532c1d-86a0-49a9-af13-05541e05b985,happy
17c44298-aca9-4f53-9465-843bb31e4808,happy
1c2c67be-6e00-42f3-a7a8-63463cecd898,happy
068f70b7-e60a-45b3-8f33-d24be4165cd1,happy
9ef99e83-b4bc-4da9-bda7-948197ba6772,happy
d6b4bd71-24f5-40fb-a25c-74bd24251131,happy
a12075ba-ea58-4525-a460-10afb3849afa,happy
8f355350-d4a9-4060-8211-7d7f79c0f1c5,happy
1b6d5209-0a36-43a2-9e6e-e629bbd59a5e,happy
a9c3f225-9a2a-478b-89f7-2c6e2d900688,happy
07fa8717-72d2-421c-9649-aab346f39890,happy
87a72a5a-0d2f-43a8-9b1a-bf8154d6fdfa,happy
d7d3cca1-74b9-47f0-9d7c-514b80d1386c,happy
0ac67828-a282-41fe-ac16-86ef8c177493,happy
e12a1056-5b97-4834-97a8-49c3c266b170,happy
ff3054fb-f6fc-4240-a782-0ace5de5409d,happy
56a9c64c-5bdb-4c71-8aaa-332015124f11,happy
6407005d-33f6-46cb-943e-6e8737c257f9,happy
05e62b69-9060-411f-844e-744f25be3b87,happy
e7a411f4-52e5-4456-9508-606915b6eddd,happy
d721ab77-183b-49a5-bc53-e53804a157df,happy
7a333182-8b83-47df-b87e-1f005eaf6a24,happy
bc528d00-6f6a-4b6b-916e-b56e437a6012,happy
6b74f878-6c0b-4625-a878-cbabd81d0db2,happy
2286e475-4d16-42c8-9fb4-e3725b6a2c6d,happy
c719c623-39c4-4b58-b188-c7eaf8f984ac,happy
00fbd32f-af33-43a0-9d1d-629f95963dc2,happy
5a85f86d-b1cf-4859-9767-632f893da38a,happy
66220732-cc3b-472d-94de-425b29b54e33,happy
d6e325fe-d429-4a5e-a316-c3f4e5a19a5a,happy
7b4859fb-bf68-492a-a266-2e89d46be3f5,happy
a0162ef7-684f-415c-9db9-3ccc3c44eafc,happy
ea29e05d-fc1a-4f62-a2de-c1bc5dd93f18,happy
82538334-1b75-44a3-b34a-37d6c3df2459,happy
67da34e4-365f-43c4-b65d-6617e15ff8b5,happy
4f5bdaad-284c-429d-8b54-7aa9397265a3,happy
52b7f30f-cae8-43a2-9d94-03eaf9501702,happy
ef33c8a3-0cbf-41eb-9e7f-c8f2cb91f346,happy
83dce36a-0ec1-4951-8161-27127ca51583,happy
a4c4b5d1-343b-47aa-bde0-a3f15cf5e5fd,happy
c16398a4-9508-4979-8296-cce61650fcb9,happy
b2f9cce6-3667-4cc6-9091-467a6a2bc2e2,happy
1c7664fc-c334-4c2a-a3e9-6205f43669c4,happy
ca09ebf1-be30-4e14-9635-2b4909800768,happy
9b609ea2-9e97-432d-a3a8-9be62af1921b,happy
3e27906c-9912-41b6-ab7b-91d808265b82,happy
721c9ad9-f10b-40a6-a4e3-cb4f7054f16e,happy
47135741-31a5-4ff2-ab4d-62a4177d90b7,happy
f9f05d5d-bab2-4720-a9d7-e7ba0107c602,happy
c8acf710-40e3-41b0-9538-a46ea65cf4d8,happy
85b61c74-145a-4ab4-9d13-c4ee5ce034e1,happy
78ca0ee5-2383-47bf-af19-7ccf7eba9a71,happy
626b3556-e5b9-4202-a209-d6eadfd3423f,happy
cd25d80b-0066-4715-bf5e-f8c1680785dd,happy
fb9da02f-f8e2-42ce-be5d-00d57592ccc9,happy
68d8b51a-b794-4719-9d92-f79954135790,happy
11abb5ab-09b0-47b6-be61-5350fb9f9ed6,happy
5201789c-ae72-4f66-b070-4285796902cc,happy
cf42dcd1-c08a-42de-9757-9e9b5b4f1975,happy
0f4aaf3b-1321-45f4-b6a4-6b3662e599db,happy
3c6e407a-d134-4be1-bc6a-4f1cd912bda4,happy
9b69b0cd-a292-4f1b-a703-9aa7ae6b9a1e,happy
4866d037-d3b6-4065-91be-bd8dd40cbb34,happy
49b236c0-59d0-4765-93b4-cc5cf13015d2,happy
90a60971-f57c-422c-b285-87dc0c0f8c07,happy
de036562-7813-456b-b7b4-787d2a56773e,happy
7f9979b0-6b1e-4cec-9daa-1e27b672bc31,happy
a1107b9b-3c53-4385-9888-7195ceb1e209,happy
f455491a-e780-43cb-8cb1-2560b184f6a3,happy
fad6c50a-ada9-4322-9983-1395e0344c29,happy
79b5d900-fe59-4e3a-ac73-9f556756c081,happy
24b01ae9-c5ae-434a-b5b4-bfbd7af04cb4,happy
1266122d-38d5-4147-92c8-3306d6c45b6c,happy
2f04f204-384b-4b9f-ba0a-276f2fd72fd4,happy
2412c613-1f1c-485c-a342-ae174e4ac8a1,happy
eba9bd29-3b6a-496f-8b97-a104ea526979,happy
72f1963b-e4df-4bf8-b893-9393652388df,happy
3c72a3ce-f976-49ab-8920-02616f767a5b,happy
a200076e-fcc1-4a88-b1bd-ad16a28d9923,happy
b7824b16-1a33-45de-a969-5185cd25e9d7,happy
bb82bd2b-19b8-4449-b546-ba8560e70a97,happy
e6b60857-a518-421d-b769-d6c62208f8fb,happy
cac031a1-fab3-45cb-9fbe-2e9cff8d7fa6,happy
c4c22a8d-2c50-400a-8d0a-1518e80db1a3,happy
ba46315d-a9d6-44cb-bb63-4520bf0a391d,happy
a53ea3ce-e1ba-48c5-b9be-b96ea9659b69,happy
89c26d0f-3bae-4f82-96f2-cac336826dc7,happy
81e36b03-0f11-4dc8-b24a-1df71fbb01c9,happy
5220ae15-e384-4d5d-9a2d-4126f3fc1b7c,happy
38f4bb30-1daf-430b-b07a-ccb40c021253,happy
12808ffa-319e-4d13-9b85-e36722f347e0,happy
55833c4a-3f10-4e3f-bcd1-905fcfe4b123,happy
4578e851-d2cd-478d-ad1c-5c1499979fba,happy
91f73ec4-0605-40fe-8796-759e72c3dc34,happy
980f0223-ba0b-4197-bb92-8eb6cb615618,happy
7d9aaabf-e33a-4c5c-9a75-8be38570f516,happy
bc15108b-4bae-45e8-bb9d-0c0b1e27023f,happy
e7469a10-9dd0-472f-b645-16f280a4086d,happy
dacd2f28-2e29-49f4-8c23-abd4b874b34c,happy
d0d25822-0f68-441d-b7d1-7544ed7dba30,happy
c35a2c30-bfce-4ca1-99f1-adf798769598,happy
b3a6ea19-3fbe-4897-9d6f-0c76ba90328c,happy
b05bbc96-d385-456c-8672-42948fd6a6cd,happy
afadbfb7-30ce-4c64-8ce2-1b3d8bd3aa97,happy
5a252134-f0d0-41ea-afa9-361d3481ae25,happy
4932e83d-7276-4e52-863b-41a5b5efb596,happy
46c9e674-e4f2-4781-a22c-447c71bb6d74,happy
45986b9a-1001-4765-a268-75d42dbbe65b,happy
29981b57-aa46-4ad3-b99e-5ed7fc563280,happy
218c0494-2b01-4a8e-8b01-7f9a7216b470,happy
07a9228f-e4a6-4992-984f-c85e0fae220c,happy
01009d77-df66-4eb3-9fa2-25da1cf710fc,happy
1da9677b-158f-4305-aa01-9e4851de798f,happy
537f069e-1578-4669-8e31-6ff4122cb221,happy
f73c9ee4-8bf1-40ba-8ca6-8aef9990e815,happy
f9fb2acc-6083-4901-b841-4edff7ccb25d,happy
e74968a9-2f76-4908-b00d-e39ad87eacd3,happy
d5257492-ec20-4080-b757-4cd58a39bd5f,happy
c70bb126-d8ca-41ef-bc2d-cb4011cb5cb6,happy
ba487c09-f6ef-4a4b-9571-e178a48c2aba,happy
b8a96b4e-604f-407b-ae6f-c5b8947d1889,happy
a93045e6-9186-4509-b7b0-89b96088dee1,happy
a32c4969-f248-4309-9b28-ec28ac739d4d,happy
9fe3fd25-3798-450d-99ff-e04f8880a683,happy
9c97b22f-2654-4811-94ad-c1e38d119035,happy
87dbc086-4144-4ff9-8465-05a1371166f1,happy
83be08d3-3746-48ab-b867-147c013af09d,happy
7816856f-512f-424f-a670-2aaf90213116,happy
69242114-b2ab-46bc-87ea-d70f78306b71,happy
38148513-77ed-45fb-a884-09beba93fb22,happy
1dec01ad-0023-49b5-96b5-5a663f6b4712,happy
1b78fb54-1adf-4866-8978-4551a6f67286,happy
1b10425b-a2de-4f49-8b2d-12a84364965c,happy
1417546f-e574-4985-b003-12edd12cd0d1,happy
12a5c4d7-de58-44fc-9d96-1dea617e1f8e,happy
61c78316-602c-4eb4-b33f-4c21a10f7983,happy
2ec097ef-50c6-4f7e-bf21-378dd5398524,happy
437ea2f5-0986-4978-b3eb-7d03e2d8b4de,happy
94cd210b-bbc8-40a1-9673-8759126866e7,happy
93ecab91-312b-48e8-8a6f-4b84b36c905f,happy
7b461cd3-7f1b-423a-9612-8e7fa04a46aa,happy
3f7e99ae-42c0-4f70-9f33-86277ee4a857,happy
3a044b93-2edd-4662-ab73-d711d6166ab6,happy
a97911e9-c690-4513-bc15-b21e359bc033,happy
ac2ab185-aff6-4a12-9ca8-5fdd09689e16,happy
a8b8a554-8704-431a-9295-f7115697c43b,happy
f6b9f6d9-4a98-439a-adf3-2f4c3eeef285,happy
e865b118-35f6-44b4-9387-9685859e613b,happy
deedb663-d7d9-4a98-bcc4-11e48177d103,happy
db094115-5f1c-4504-858f-7ffd6d246571,happy
d78cb291-0714-457a-8fa3-84a6a7ad1f8a,happy
c5f1d495-f0bb-4a62-a076-f8663c93ba7b,happy
b1edc5a5-7850-4bdf-a209-ebaaea2b9676,happy
ae3dbee4-5dc1-4b48-8313-7ed010c29100,happy
8f923591-e4b7-4355-9ab1-b67bd91e4f21,happy
6fde2aef-fe96-4b3b-843d-82bd7afa6265,happy
6f3d6066-1a2f-40aa-bd16-9dca3be5c35d,happy
631828fa-2e99-45c3-bdb6-51abe4bb4704,happy
5407dc24-1aa3-420c-8344-fd3ba9f77c34,happy
4e380d41-2036-477f-bc6f-73433db6ff24,happy
4974fd9c-6d8f-4b7e-91c1-595e7e14f83d,happy
4502e7c6-3d40-4d14-aaa4-ea91765d6b25,happy
38c6f890-8df7-43cd-8678-aa6c563f9911,happy
17a5c824-3787-4db8-8a5f-ab8726a5b345,happy
1563c2bb-daea-4800-9888-eb7c301f69c2,happy
15335bbd-e68d-49ac-a931-3d0ed07a94dc,happy
53f30004-cd8e-4536-8efe-b9ad1c1ea8d4,happy
e2b686e2-2061-43cd-9252-4f36ae658543,happy
9eb27e40-f6b9-49fa-825b-ffca998886c5,happy
d407f7da-0379-4f76-aaab-83270ce0225a,happy
3d01bea0-5672-4753-ba2a-9019ac89da4b,happy
3d310996-d4e1-4695-8b05-fa669c8da4aa,happy
36a3a240-3bdb-415e-88bc-40d623238935,happy
f6c6791b-bc52-405e-9206-2d675e19111f,happy
b3f1fd33-cbf2-45c6-90b3-29730ac131cd,happy
bb386403-89c0-4ec6-949a-1d4788e752cd,happy
fac84081-3f9b-4668-b46b-259a497a81a2,happy
c4b36b1f-f53a-44c1-9903-53cd0e44d65d,happy
bb1c81c0-24dc-46c0-9594-4d97e2b56035,happy
b8f4145e-b514-48f7-bdf5-7c3f5dee1c4d,happy
96765adb-d6b9-4d93-9bc9-1047b4f81eaf,happy
91889e84-a99b-4de1-ad35-020a2b0a398f,happy
87bf0ee6-ccf7-4c01-ada1-8cc90051848a,happy
75974edf-cdbf-4b6c-bd92-25840877ffe7,happy
69f1755b-daea-468a-af52-00282f5dda0d,happy
43cc7f3a-e860-4179-94bf-70d4bf1a6eae,happy
136554f2-29f2-4273-8401-a5de44f86576,happy
0e33a224-57f2-4be4-8b5f-512ecabf8f93,happy
69d1f492-2fef-41a2-b696-e4e7c49a0f3d,happy
e1e1e5ae-b13a-49dc-989c-4bda8bce74b6,happy
755da44f-6dfb-41e9-98e9-a90a69798fed,happy
3c08e998-40eb-4acd-8f5b-75e0d4548a0b,happy
3ab46231-e215-4ed1-b442-d83e8ce949d3,happy
30defc56-5b3d-4957-b919-0f7cce8a2173,happy
bfd15881-5db9-4c30-9c2e-eb7ced9e1895,happy
f1f55880-4976-4308-9c2a-e2f6dba36e7a,happy
c2498cde-1ce8-4c7d-81e3-8f702dcdf1f3,happy
b346ba56-42aa-4b5d-8018-d6c1904a2342,happy
946c80e9-6b03-4cf6-9994-fc693f2c7fbb,happy
58ab38e4-1e92-4c2a-b233-3f2293783896,happy
2f5d76b3-4eaf-4a35-bbe7-805cda7a0730,happy
232ec7a0-8cb0-4249-bea2-69cf4d134add,happy
0e15215f-811e-43ce-90d5-2d30f9573708,happy
9496250b-eff8-4343-bb7c-fbb747ac63d5,happy
083e41fa-e569-4011-bfc5-6e99c75069e8,happy
84273810-6d60-42ae-b40f-4d1b2d066d1d,happy
e2e8187d-eeed-410c-bb33-02dbdb9f31f7,happy
482907c9-430c-4ded-8ba6-9b4327f01ca5,happy
cdfbe1d9-489f-4996-a9ec-97ab70bbe0c4,happy
8f0fe631-c123-456f-bf30-b227d921ed70,happy
0f0cef4d-53fc-4598-96b0-33438d9a4d73,happy
33312ebe-47fd-4ace-a84a-a46028b243f2,happy
25ca9db4-ab29-4c70-966c-a49034543bc7,happy
e503262b-33c8-4a64-bb0c-114af863c643,happy
dfe6a8d1-b88d-41b2-b066-dc736f3c1c05,happy
c8173f10-b635-4ea9-946b-c7bc15ccdde8,happy
92b86e4d-39db-40da-b897-03de4bd1c6b2,happy
aa7146a7-2402-4342-aded-f6c5c61ecdb5,happy
b80dc423-b9a9-48e2-8d2f-969e88f3a78c,happy
aa6773d2-90ff-4637-8c7c-948e8eb2581f,happy
cfc94923-93ad-495b-9a0e-a5e2ece1daa0,happy
7c0bbbe8-0296-4ee6-b675-5c0365a46e4d,happy
d6da9ceb-c14a-4f02-baf5-8e5715f57e01,happy
c615e030-0cf4-4c3a-95a3-764005a4b02c,happy
adf84ee9-c3c5-47b9-95f2-e982aa823124,happy
bd0f4025-e660-4929-b24f-b59554748210,happy
9ee15ea7-d8ed-4758-807a-0b1c7d461b28,happy
04175385-dc10-4c35-9767-4120818d1a09,happy
3ef3ab28-512c-4064-9ab4-d5fce02459c4,happy
a27f16ee-c85d-411f-930f-6fde5bc499f3,happy
142accc2-4250-45f1-8a5f-4272aafae93e,happy
c3a8906f-14ab-406d-9a92-1233e80d24d4,happy
2138bf67-fe08-46d3-863d-560e1b8c3043,happy
ea0d3012-9c76-4c51-8e43-92b4d473f531,happy
7b1f1a47-de2a-4566-bf42-694060f4c9b8,happy
f902551e-e3d0-4bb1-8d5c-57303dd200ac,happy
ec274200-bef7-43a5-8b52-f4cf831fccfe,happy
fbaccb08-358b-4d26-b7e9-3114e290f700,happy
bcc5fca4-2632-457b-8e98-1bc6269d6b2f,happy
8fd563b9-3c7a-43c4-ba18-54a8ba77a0ab,happy
fdd5d3c9-e4fd-4009-9b74-c096af7fb40d,happy
63478d98-7a60-4cb5-be00-64511566ebc2,happy
f97c8f0d-47c5-4a17-abc1-b12b7c79362f,happy
b968d253-c56d-4104-b698-ad20ed534ca7,happy
91ef4f9f-ccca-4a61-ae11-988cbc512966,happy
7311214b-15e4-4ef5-9412-359764869f96,happy
00c535fd-60fe-4c22-abd5-b52fd1b2a57c,happy
f00e7c18-df5c-49b6-8614-2c813860f8a4,happy
c0ac1cd3-9351-47d4-9cd6-9c7b379fb9e3,happy
74192d6d-985c-4d3c-97c5-f397b4f04d1c,happy
bb4e687f-3e63-40a4-9131-71207c67d9a6,happy
d70b5de7-2930-42f4-be4f-b2e5cce2a096,happy
a37d5a2c-a14f-4481-b1f9-d7bf6efe0438,happy
851d8772-0f4e-45b1-9174-10fa68b220e1,happy
be539a13-6bed-436c-a25a-033035ea8c5d,happy
514072b0-6c72-452c-8108-55e8074ff7c5,happy
5b66d831-476f-4795-9501-2869abc15dc2,happy
5ddd279b-2279-47b5-a6b1-dc9985df0f43,happy
620c1933-965b-4ed2-b5cc-1c1bd9a80fdf,happy
6247825f-a043-4c84-81b4-bbdddd4cebc6,happy
c4b618c1-9507-4238-8e13-657286547b09,happy
c35af884-58fa-4feb-ae9e-27b0fdbadcd7,happy
e3373f9d-3122-49c4-b1fd-c5147b3fd016,happy
ed5477ba-fcbe-49f1-b4ee-12f05ed85591,happy
440f60e8-0b25-4ec4-abb1-c6beec624ab0,happy
70e1c87c-f662-4fba-ad17-3510f5206558,happy
70d11e9a-e9f0-4813-900d-2d092be52bff,happy
7ea0d658-b2a9-4a8d-a346-48fb2b8acf6a,happy
7b4774b3-8490-433a-ace8-2fa3982fac10,happy
ff845edf-1d2c-4410-8c8b-ef2452a70f8d,happy
c0c2de43-a2fc-45ea-84ca-7873d57fb330,happy
cc29206f-72f2-4301-a069-e938cc3a5caf,happy
3db639d4-9db3-4762-a79b-dafc5db94294,happy
7172f0ec-03a5-43e9-b7fe-7540831d257f,happy
6865832f-548e-4b3a-9136-9feed55d3a58,happy
a53ce1f5-3813-47e5-a4f2-e45cedd06691,happy
32275562-9c05-4477-be44-d1aa8c4e7c18,happy
0fb41c74-07e4-437e-8b04-260004635e6e,happy
d0bcd007-2e25-4741-9dc8-b2eb043ed578,happy
c939852e-f4ba-4a9d-ab1d-2cb523a80b1f,happy
ba445585-1577-4560-ae48-9d5eb005ee43,happy
8681a8cc-9858-4625-8f21-d032d370f617,happy
47ff5dd5-e43b-4049-aecc-d422962b0325,happy
6a93cc03-a880-45e2-92c0-570a55479387,happy
ed0eff6a-167c-40ea-9826-5062ecd4698e,happy
941730ea-7259-4970-bdfd-56d63574c1f2,happy
39751767-45b0-456a-86d4-5a27963c6364,happy
3d074fcb-5c75-489b-b88a-c66f76fc4ab3,happy
fa98a086-fa84-4f16-8ca9-3d9948c9db88,happy
82bea83b-0786-4ec2-bc66-cbe40e180cac,happy
c09adc60-7c2e-495f-8afd-b510f4b14471,happy
5f1a704f-3b89-4846-8f95-334da0ac2940,happy
94a586f5-9b48-42c5-9921-0bb72ca2e193,happy
93474716-1587-4df7-9217-95b5531746ee,happy
b47e0c0c-ac62-40fa-8019-f8ba779c5056,happy
e69a25d9-e296-4af8-bf5a-a3b6ae37d407,happy
c33995cc-c0f1-4d86-bbe0-82111ab819da,happy
8718e900-ddfb-49d1-aeb8-c66c4733c84e,happy
308ac84a-68c8-49a3-8c24-d2ee887355f5,happy
0cb5c55e-b881-42e1-90d0-440ca9370d54,happy
1f83f72e-e7e8-42a7-be15-a8157d082926,happy
21324306-3be1-4054-9f45-c02f4b8c788e,happy
34f23cd4-9cb4-4f99-8a34-dd2d3488ecf0,happy
37172c8d-7db8-4412-bc6a-531617421c5d,happy
ab17e176-f9c4-4b5d-b89e-42561121471b,happy
f644f5df-1859-4a5a-9dfc-0a06fc888a76,happy
f32312e5-2ace-4cab-bf0f-6a33a97dd3db,happy
55a61384-8e8d-4513-8182-58c2ce1b1bdc,happy
55eef2df-0494-4c07-a3bb-7218b9cf19ff,happy
be66f324-3eb2-48ee-886b-ec788a882f66,happy
23c60e38-72ec-4b9c-95bd-46fd8a8f6271,happy
d535ac64-f8be-402a-8b55-942e3a9de759,happy
79873f03-07d9-4b56-a54c-e51c12c5a854,happy
a39cdc9a-93a1-433e-a4ef-c6d7016f3424,happy
f1ccc151-0854-4641-a2f7-03a8ee52dcd4,happy
5d141936-25a1-4e90-9217-4405777649eb,happy
7dd3b1c4-26d7-4a00-ab32-5229ce5d8086,happy
800f96f7-7fa3-4389-82cf-188d1e1729a4,happy
30e39204-bc12-47a3-a7f3-8cd9ba5c39b5,happy
c47733ac-92f9-41c7-9235-35765fd4d2e4,happy
89ecf346-01b1-4edd-9a44-78672a4ec54f,happy
e9c4200a-c10c-4439-b0d7-b6b94962caff,happy
7adb3a6b-6f4e-48a7-9151-19727c732ebc,happy
5c6e2149-d62d-450c-93ef-fdc4c3fa6512,happy
da877317-f2e0-46d0-a32d-0e3326d6a3f2,happy
404b01ab-dcee-4b71-b2b2-704f5f322cdf,happy
cc90e98e-54a1-4a96-bdc4-4eb99bad9316,happy
cf53c465-2839-4db9-a9b5-e96459c93f3f,happy
03ffb04b-b399-4610-8e72-4b5e065736a8,happy
e3cf7cc1-2b38-4c46-acd9-c5cd6f602320,happy
3d0dd38f-9164-424a-a864-d490c1f8f6ef,happy
bdcca775-bf84-4e8c-b178-42a16bc0ffda,happy
e23ebb55-2c21-4c63-93fe-2e971afc4430,happy
00587eab-76be-4022-80c2-9387ec927457,happy
89f8dd21-5c20-4170-827a-006254f3e8f7,happy
98cd9e35-38c7-482b-b53f-7c46dd45ba26,happy
96ebe9da-cfe4-4ef5-836b-86f847a522f1,happy
8b49c5a8-7eb8-4e85-8144-ba5fba0f4085,happy
5eef8719-da26-4558-b4e4-23510a5d8d73,happy
c7f2562e-e968-40f8-b66e-23ded9e978cc,happy
df887ffc-3a70-4d83-8d55-61384b29e231,happy
c2fd047f-62ff-4550-b02d-370a00d00fa0,happy
2da94e3a-5382-410b-86da-8b54035b52d1,happy
079b530b-e4f4-4765-9ab0-ddaf5a2d156d,happy
d14e46a2-630e-4b5c-a1da-c4edbc8bc1a1,happy
956b1cdf-0109-4aad-b001-900d2bf3b3c0,happy
6d9e605e-f08d-4206-8948-32ca2fbd69cc,happy
6b0ae80a-c6a9-47d1-ab0d-ab9bbf1cfd5c,happy
44502642-878f-4541-b34a-224576955e37,happy
44f962fb-bb65-445e-8733-e926bcca9677,happy
d93d33e3-cad1-4d2a-9e72-e346b970da5c,happy
f6e54108-8d9d-4912-86b2-a3bc0dd8b6bb,happy
fef8e95a-b5b0-46e7-82b3-02289bb39957,happy
4e4bb865-7f42-48d7-a493-0b6d33c22cae,happy
606f8fea-0f16-4be3-aa5b-78a9a81898c5,happy
263818dd-acb0-44d1-807c-3474b5701bc5,happy
7d75d3ea-18f4-4d2d-b78d-fa0ed95bdee1,happy
84b1d06f-3ac0-4ffe-bc78-454468300146,happy
d639b777-d161-4641-a5ab-d4c9016c5361,happy
d1ebfcb7-1a40-46fd-ae96-82386cf4f674,happy
9c57b8b2-0d92-4254-8bb3-1acc14bb5441,happy
091ca3d5-a7e9-48a3-a370-d6cb59e36017,happy
f2084af3-a4bf-456d-9163-8d5a0866fe91,happy
8a56c8d6-450a-4d00-9b54-d48e04af0a25,happy
ae1c3769-1249-408e-ac93-0eca50bfa26c,happy
08d8f4e5-52ac-4c01-b997-0d47a600829c,happy
ee29da9f-cc20-494b-9b93-29dd3da6c65c,happy
81a612ff-033c-4c94-ae48-5ec06001ce77,happy
bd6a0d5b-4c6d-4442-9899-7711a5f096ff,happy
3a2bff37-27c7-4a63-85f6-432d62efdbb6,happy
f507b892-4dab-4c08-b517-4626a84041d3,happy
bd7a3c34-2290-4f19-8ebd-9cfd5982658a,happy
1086a6e9-fc6b-4c04-b7c0-5c70e4d4d9b8,happy
63c8ba2c-699c-4f8e-ae10-0ff664e65389,happy
430ba9d2-3e66-4645-b6e7-4f3462830703,happy
a7b3d87c-5fb6-4eec-8863-ec5c769043b0,happy
5870764d-54c6-4a04-9b22-0937b28aa8a7,happy
2240f00d-bb16-47fc-a042-4c957abba7d0,happy
eb90b10a-a83c-434a-b23e-182b934c42e4,happy
d14559dc-06b9-43ba-9370-d463e1539519,happy
7414bf19-b25c-4733-b204-5fc950906448,happy
2dedf39e-fc82-4d4b-8d64-2e7c36407f14,happy
26d75d5e-53a1-414c-b0fc-81cdc0f76dab,happy
1d935968-11af-49c0-9998-9a4ca6df9ded,happy
148a57fc-9e77-4ecc-8e8a-b7d098722654,happy
2b5eee51-6b47-4a06-91b8-c1beef5e54a5,happy
2ee9bde7-dc6a-4b2b-b62f-0b6d609a02b2,happy
0a1f57ed-7442-4392-882b-8bc67f22dce9,happy
3cc1c120-5c5a-4874-9853-2b7c328cb92b,happy
97946fb3-9690-4c10-b9bb-f63c8428da83,happy
510bdc5d-ac0e-4280-a9ce-e19527dcf430,happy
499b748c-520b-4039-bc6f-d1b2167188d3,happy
1a281c34-1db4-4e2d-b09a-4d7ebaabffb1,happy
0e5fca0a-93be-4295-8546-d6c9f063a8ed,happy
0ac7143a-12de-4c36-a217-e405f25192ed,happy
02ffaa21-b181-4371-9005-45992532db64,happy
de7a70b2-f7da-4057-91b2-5c28e1420e63,happy
b8f3f3b5-6dda-452a-8942-e0dbbfdc8b1e,happy
b41dc3b6-e8df-451a-9f20-3f1bb7e5aa30,happy
10890da6-73f3-4e8d-8d83-b6078ca6699a,happy
0f199c8d-cf62-443b-a673-a3db60b2da2a,happy
b1167333-0a31-4fd0-9101-956f20103b5d,happy
98072fdf-5777-4da4-870a-358c1193be19,happy
f3c903f3-0722-4b59-be63-31c9f7fc02dd,happy
77c9b79b-1ce3-45a2-9322-f9fed80ac4d7,happy
5e9cbac1-d00b-4618-9c7c-d7dbb71ec9d9,happy
4e3f7526-7f44-4f32-9f7e-bdd610d1036b,happy
f21e6322-c641-4fff-9b80-611c2803e9d1,happy
eeb89163-9c04-4844-9706-41970006a2b3,happy
c88cbe2a-ef4f-4a1b-92a4-36dc5eadf39e,happy
74dfd5d1-f745-4e0e-9430-9e57987e9f5b,happy
35e5f4c7-33c2-4f01-97ab-30dda84a1c04,happy
27364027-5b69-47e1-b43f-b12b4ec5a5aa,happy
b264e62f-f30f-47c5-83d7-0e643cfd65f8,happy
2ca0f55b-61b2-49ef-9bc0-ac18a3a75db7,happy
2cdddc24-d820-4164-8ec9-f73f82bb1048,happy
e145e59f-58a7-4f7b-be8d-d91bdb1dd2aa,happy
e6865f6d-65db-41c3-8e70-6c9d3c658eb9,happy
4a13d9ab-b7a1-42ba-9ef0-58b606367e5d,happy
938c749a-bd98-4699-be91-2d60ff007cae,happy
3d9f4447-0608-4cfe-aeae-c1394a69810d,happy
f346dd6f-5b24-423b-af99-3a11ae0d8cd5,happy
c7e07a93-9b50-4266-a9b9-63de51e2fca6,happy
64fb467b-d8d1-4e5e-9c74-ca0a2569156f,happy
03e449b7-18f5-4fd0-88ba-f2ac1f492428,happy
7d68534e-0822-40d7-9a54-faa0ba9d950e,happy
ad10bfb1-9c55-4cc3-b698-7941a088aaae,happy
f35895cd-f50b-477b-aa30-32c60b4d2a89,happy
f2e38032-2332-4e74-9426-27aeb156d8ea,happy
da495251-98f7-469d-a3c0-5e7ce29247c1,happy
d0a71610-05fa-4768-b486-ccc1bd33515c,happy
76983663-5281-45f9-9ee9-7682853c78ad,happy
aaefbdd2-1114-4d0f-aa6f-863d9aa6b18d,happy
a120781a-4f23-4109-8821-d4a14d43e501,happy
fd531e05-9f09-4abe-985d-3af4c276c42c,happy
6c09db5c-f281-408b-8396-5a393cd04fa9,happy
59979f3e-3f5e-448c-8c8b-2c05f7b3093c,happy
578125f8-1b37-469f-8726-dff5d6ee97bf,happy
13c79a3e-96dd-41ed-9aa1-ff9f15d7a501,happy
2517504f-8edd-4663-b67a-254e899efbf3,happy
38069d67-3e85-4234-9503-42462779149f,happy
bfbaa55a-a7a7-4d63-bc8b-b9fa56ac2fc5,happy
fee387e3-fcf3-4b29-a2a0-381e99011855,happy
b714a743-e633-45df-b6a6-5a9f55afb989,happy
8ff8ff3c-d78c-47d2-80e5-dee9a3e9722e,happy
8f3b0734-7925-4f20-88f5-e2e871a9a019,happy
8c91cd57-a5a4-455c-bc49-a00fac484310,happy
799d8bfe-fcbc-4a8f-a0c5-83ddbd565055,happy
70e40724-3dda-4f59-a61f-16954b9744d5,happy
5420f5f4-22fb-40fc-b8a2-fcf0f2c54e29,happy
4c47cd7a-63d1-4bb9-9a21-c85fe44a8b9f,happy
4955a2c4-9825-448b-9fb1-343f43ceed5e,happy
2bf47695-136a-4858-8fbb-fbe750369b1c,happy
166463b7-b4f4-40af-8a49-068c7109ab25,happy
c217bed5-b9ff-4935-99de-189c8ba63b97,happy
c6dc6629-8ad1-4612-bb88-98e916724602,happy
c81dc45d-11aa-478d-9b00-0454aaf0efe2,happy
0d0ed822-6759-4815-b355-7a7bf4852541,happy
ebe70e63-d462-4833-b365-0e6e52efa858,happy
ed39ca1e-6f85-418d-abcb-66445e2c644f,happy
7b0a30bb-877b-452c-bccb-559fe1904387,happy
758dd572-9693-47e7-bad2-86351e1e0d43,happy
7c323c45-eb9b-4661-bbfa-1b13fcc4e8a6,happy
3d3e3ec6-9fb0-485f-8707-0af3df1f58e8,happy
3faa22df-20d4-40c8-8c1e-03d23c5d5cae,happy
a463216d-f3e7-422f-a81f-91f13647ffa6,happy
fdb68324-2086-4c0d-a69f-3ba4403d1215,happy
bdded525-7f88-4b7d-9bc4-7cf2266ac009,happy
bbb5ac4d-59c2-4ce3-9531-a89081b24ec2,happy
89c3ccfd-0a5b-4fae-85ee-fa3a22002858,happy
eddf15ea-71e7-47a5-8c6b-812675643522,happy
ed767fdc-0968-454d-a3b9-ff4d02145f3c,happy
e983713c-7d48-47aa-877f-8e402bf46a62,happy
df7d91e5-5ee3-41d1-9bc0-d0904daf0061,happy
de4da452-b971-4b35-a5b1-ef7f5a3f3789,happy
db7d9969-4e79-4d74-a627-285948c86e8a,happy
d4fe39e2-e5d7-4b76-aaca-3e37b3764ac3,happy
cb658108-8a9c-42f4-b80d-50461c20c83e,happy
ab77a32b-ea97-4063-b47e-35d7b1f37af5,happy
ab24e1ea-fe9b-4a6f-873b-bf0a2671d303,happy
a87cb0d0-8373-452a-845b-354163c760fc,happy
9066b86c-78a0-4eb1-8b29-d8f9eda6bed8,happy
8c9b7675-31bb-49fb-95c4-a5d630b8d648,happy
762f34a5-ac10-4355-9101-f353363b6a47,happy
65a0ff84-df48-42e2-89c5-fbaa21a62786,happy
478c0bad-49b6-48e7-8bfd-870a2d05b013,happy
6164502a-2231-4963-803d-38f1137cb88d,happy
68dc162c-902d-4612-a04f-85b8791e5ce0,happy
c18946f4-bd9d-40a2-b64d-94d3d9fae1c4,happy
cea7937e-267b-4156-a453-88187df13c65,happy
3d9dd1b2-1404-458d-969f-4763de370c58,happy
fbb209cb-0a88-44bf-b9fb-e59c5595e017,happy
dda8370e-0c59-49b5-bd26-60872bf06cfa,happy
c061021e-145e-4f02-9f1c-7117575b5b9b,happy
a3bd2fd7-902b-40b0-ab52-cdf3ac730049,happy
a1b03bb0-0e9e-4179-8500-b86abcc5a2cd,happy
78498d25-4c98-46eb-9e48-9a56862781cf,happy
65301141-50f1-4240-a4ee-8ec3a7d1cd78,happy
51be12ea-bd58-4826-a140-556c5ef1cc5c,happy
382060fe-ec47-4ebb-bbb4-b592acb50aec,happy
29294521-1892-4129-9879-d7cf83ce41c2,happy
210db9dd-80f3-4b04-a790-ac043b4e4562,happy
10e91fee-c6c3-4687-a668-20da7ea67b39,happy
1b054d71-a6d6-4400-a5fb-70d1689b8a15,happy
6e1a8ab7-2d18-4dc2-8355-39d59ab1e348,happy
67a68aaa-ce99-42d0-a497-7eab9a2b6972,happy
4f88ee2f-04f4-49e6-9217-842cf9e1d90c,happy
93c20a88-fac4-4f40-9bab-7f343ee24c3e,happy
d7251f1e-4cf5-4258-b73d-7f5ef79bbd56,happy
de9abc2c-4eab-4443-b1cb-49963628ecbd,happy
3a718b41-afa5-4270-a080-26be0a8f60b8,happy
3e574c0d-4023-45b9-b848-6d8dbee6aa90,happy
fd6b6e31-a6be-4deb-bb3b-f3901cf202a1,happy
f629a2a9-0c4f-4616-8688-1045c2c9deee,happy
d9771091-c81c-4e58-adab-f6ccb0be9a37,happy
ca759328-5022-4230-9cab-8ac29e75a5e2,happy
b7ccc173-184a-4646-8101-18a41fd92d79,happy
9c6a450f-6bb6-4384-bba8-1fd8cd024cbf,happy
8ebda692-d41c-4a0d-af0f-50034c455910,happy
4f92fbb8-4f94-4cc3-a0fe-8f098f94ce2d,happy
43cf49b0-3a9f-4efc-bfe6-fbb5ad623e01,happy
40fd1a0b-3ab8-48b8-a68d-43d4cfbdf04b,happy
2170d796-d8cc-44ee-b042-80a50003a275,happy
1a70ae40-9475-4387-8a2e-d9fec9a48f6e,happy
13edfe0b-a773-4e69-8181-1a70f2500990,happy
13927c99-fe54-4a2b-a561-dd6c36e61fc1,happy
03bedd1e-3ba5-4e5d-a744-2379d5fa8861,happy
dccfee5e-cc25-4341-8f32-9e75eba83086,happy
dc846681-d033-4163-8193-275aa36897ea,happy
ffe73c4d-d9b4-448a-add9-faee5079566d,happy
f196bbb1-a46f-4e54-a6a1-c6d857f135eb,happy
d76a804d-75f9-43ff-a47a-79c4bcdd9211,happy
6f8daad3-8cc1-4119-bae2-458812c10f4d,happy
6cff92bd-988a-4470-8032-ac8ecf311f67,happy
0ea3d052-aa3f-412b-aba8-51fd78a251e8,happy
086d1d02-0f08-4cc1-863f-a498d4c9442a,happy
0391a67b-00b2-4ba0-a9d5-e3f9b050747b,happy
83835901-9b8a-4df8-a34c-6f76ab494745,happy
c75cbc19-265d-4b22-90c3-b3cb3f523617,happy
662eef72-f432-4712-8cad-efe4e33c33f0,happy
9ea65f49-9b4c-4450-a279-59c06454cf8b,happy
d8e8d4eb-beaf-465b-9b8b-06dd13bb9819,happy
c6cfa510-9822-4bd8-be8c-3df5025f9370,happy
c75243f6-16bf-4d18-80d6-57753047baa6,happy
8f43d0d5-933a-4a51-98ce-e01fee9e81bb,happy
8e8f4b86-66b7-4f62-957f-00113518685f,happy
6bc7032c-de99-4884-b77e-12050dea13f3,happy
49c050b8-2e3e-47fd-89a6-32a8ec543ff6,happy
a80ab8cd-9992-4aae-8ecf-ceadf1ef04a5,happy
1b3f76c1-69f5-4711-a533-933887a53c52,happy
50c992e5-0308-475a-bb86-57f7b66b0990,happy
d66260d0-a616-4fa9-810c-6712f81e1bd6,happy
b33b886f-04dd-4cf6-a4ac-0e3074b11ecb,happy
119913e9-60d4-4f69-a4e5-26accaebfd46,happy
684dda32-3626-4641-82a4-bcee0bd84be1,happy
1ca0bd31-f519-4920-b9f2-4ee99bf67d10,happy
59b514b9-1cda-432f-86e8-1053306089e9,happy
132324dd-ef8e-4a59-8aef-2c4ee4a211c3,happy
2bb7bf45-4cbc-4c9e-928e-5cc745be8c7e,happy
e0669c79-a21a-4585-ac45-ab552e846e91,happy
26d47f12-adcb-490f-a395-c871c8ecd7b7,happy
e955747f-4196-442f-815a-1cf2604a50f3,happy
3bb2e14d-f3dc-4c54-8edc-5e68ad337df0,happy
fcdc975c-2731-48d8-b7f9-d8d5defa4a7a,happy
34c13548-32fb-4daa-a4dd-aa28fae39760,happy
3153d1d9-d6eb-4b82-83eb-70c3c3d697cd,happy
19b380aa-110e-4ed2-9562-142cbd4c735f,happy
55d1bf7b-04df-4c1b-baff-ac3e4813ea20,happy
5118f7b4-eafc-491a-9158-ee646dff2236,happy
6b14a62f-fd4e-430c-849d-a3e780ae9c11,happy
cdbdd9ed-7efd-44ff-819e-ea1ac5441384,happy
ee652a3a-aec2-4959-868a-6d1e72246e2c,happy
d5002202-dd7d-455c-8b63-1245bba8727a,happy
7b7d7c9d-73e8-4309-a681-1b4aa4f9dcfa,happy
71b2b8e7-19bc-4a16-bee4-cb11470e35d3,happy
f8fc1e12-9d6f-4d3a-9602-9ef4a6262026,happy
f7069847-97d1-4b2f-8246-9ad6b06b8856,happy
e2418248-e161-43b8-8117-54b3271792e4,happy
0e4b66c8-5de3-4e1e-a0ee-05014f1f91b8,happy
ee5e3056-6cc8-4791-a55c-7c79e3dbb5bf,happy
af994d19-6e64-4d10-a1b4-217caf14698d,happy
8da19cb4-d400-4ac9-9880-779c17dab8f7,happy
23601ea6-801f-4726-aff6-17a75097724d,happy
731c7d19-2b0f-48fa-8ea4-312374ae4121,happy
d6980f06-8292-436f-8863-5c1f656d0cc7,happy
5c90756e-4d59-4d4a-b25e-c270b71a4943,happy
d5df8d28-7f2d-4849-85a9-10dde0653977,happy
bac533b6-7a9d-4eb6-a62c-36f034cec08d,happy
365ab1cc-8659-4bdd-9b68-b2083b6ed3d2,happy
7413bf1d-ce8b-40ff-9f8a-df1b94aaf1df,happy
9bdfcc73-6c73-4758-82db-678c2d55762c,happy
30560509-4d2c-40d3-a862-94034ffa478a,happy
637ad74f-52ce-4fa2-b59f-2fef882223ab,happy
09cc4a63-7b90-4fda-aec4-b3d34cea4fdc,happy
0e06f661-35d8-48cf-98bf-cf159e4bf072,happy
e49a1ba8-5eda-4899-a383-5abbfb08f3e4,happy
da159d43-b906-46ee-a364-f21c1e11bcf4,happy
50b5c14f-c642-4dc6-a067-ab7dfebcab25,happy
cc727832-ba19-4fc5-9f11-9b31be40e452,happy
e7a2b38e-faa0-4ca5-a22e-c971cc51aa99,happy
7a3c79d6-566c-4421-8995-f91fd6050a26,happy
3ed8b634-35f0-4403-b694-06916aa1a7ce,happy
fe00f011-395c-43c7-913c-33b363920882,happy
89894288-f93a-4f3b-8382-29a4575b054e,happy
b3d373d0-3bb1-4be1-86e4-e1d716a109b3,happy
c0716f84-ac5d-4a2a-8afa-3b292c2c71f2,happy
09ba08ca-df8a-464e-9262-4f5be79d46d0,happy
14352478-f639-4853-b35b-1d6cd02be3e4,happy
59caab92-3d11-4b2c-b937-7ef77eb87e31,happy
1fbb0e0f-7f0c-422b-a0e7-0f5a8bc5a2ca,happy
141c0b01-810c-4736-a63b-f175b7ac0c83,happy
d866ee7f-d10b-4bb9-a2e3-671296fcd018,happy
ab77a862-2473-4b1c-9952-6c008ab1e8ce,happy
0389e576-1eee-46db-a8b1-00893cee8828,happy
c0c9ce12-7217-40a1-b32c-0ebc1ac6f147,happy
ee1da93f-e3e5-4d32-8279-94be4b069849,happy
07b3f738-da20-4792-ab9a-c19ecbd96a79,happy
da77c2ea-3bdb-4455-afaf-17f70c226e6c,happy
bee75656-7a23-46f5-91d0-42a5c57e53f3,happy
9c46f2b3-52e1-4d5e-953c-605724a8aef2,happy
27f991da-fc35-488c-9661-973a67fad7ac,happy
1a44cebb-32de-40fe-95b6-422a65dbdac1,happy
e81cfdd4-da93-4038-bb36-66af3de2b30b,happy
84f35f0a-2679-4d85-ba13-a727a6d17c1e,happy
42ca56cf-4099-4af6-8fc5-2e6a9f385550,happy
57ada3e8-87be-4601-ae4b-fa65cc25839a,happy
372c346e-e467-4819-96c9-57223c3e706a,happy
b20b28ba-7601-4748-b380-b873a48aedb8,happy
c59ca8c3-1834-4850-92aa-c6940e34faf8,happy
e766a8e7-1c87-4196-87d9-4a06ecfe0271,happy
30d96211-dc43-4a6e-83bb-c1e14bd089eb,happy
17d5b0e3-a060-4b26-910c-5faba57b0f51,happy
a6ec16e6-e314-4fc6-a742-f3162fd9117f,happy
7630389b-39bd-4306-967b-9a7c50b21c0a,happy
55733062-5667-47a6-b821-0c3ffa240e1d,happy
21547999-70fd-44bf-ad02-62c1df2fd899,happy
bac5df39-1969-48ff-915b-7fe4cc26cf30,happy
8399a09c-a2b5-4628-9acd-7d15270406a4,happy
170782fa-4be9-4249-9a20-b6d627b751e5,happy
36aec599-7689-4641-981b-5bf274cc7bac,happy
acbdd80e-e3d2-4256-820e-11a40bce74ab,happy
a0ed764a-909d-47b1-9650-34c3dfb2e817,happy
ffb3845f-d3eb-448b-ba36-1707907ee2df,happy
b6dd5891-e78a-4a88-907d-1ca918abc308,happy
ab4c976f-c45f-4c6f-991c-c54707c93e98,happy
66bca83c-8a66-4f98-9141-624326e30d46,happy
d1c7deb9-c1df-45f7-8052-fcd4e230a64e,happy
d6807e8d-2974-4a6e-8f3d-add2b3a4b438,happy
8015c1ba-37be-4b37-ab8e-062f81b4d133,happy
696fdaa1-59b0-4b95-80cb-090a4238f216,happy
0e18c1c6-9555-4709-94d4-dc051c84a951,happy
6d1ff7da-c95f-455d-9c05-a3db21fc73b4,happy
effa2329-21a6-41ab-a6eb-403674d969ea,happy
3666a60a-7af1-4941-83d3-49bfae6067b5,happy
0844025c-a362-4862-85a8-2bae4449e4e0,happy
a98e59f4-315e-4411-b8e5-ef439557c313,happy
818daca8-c6ae-4a9a-8e84-6655416eda64,happy
4bdae87a-0b31-4993-9b47-606e22e794c1,happy
cfea3db5-7cf8-4e20-b7d9-bc1cd9dc89b4,happy
8dd1d9ec-bdc6-4edb-939d-69e7c473cb43,happy
605e0399-049a-4654-9fc8-1272c339a2d3,happy
664bb154-0145-4938-802a-f71d5703f797,happy
336ba893-6305-461c-8148-c34175ae2998,happy
035ba829-b45c-4d1b-9d33-2ca163800f31,happy
9c5b5248-9044-407c-a3e4-87be327f59d0,happy
c9d7109d-e97c-464d-975e-3543f6bfc262,happy
2ec16136-8e24-414f-a3d4-440ef2ce88c7,happy
adf78217-088f-48c4-8807-6322955092b5,happy
113fad02-cf00-4914-a1c4-16dd275314b3,happy
992f59fc-4fcc-4a13-88b7-60f8855093a0,happy
4e9da424-9340-48b6-a79f-4498caeea232,happy
f024b4f3-9fd0-416c-a7e8-79b4e708d314,happy
51dc07a1-1358-4d4b-a73b-cb365d852cfa,happy
7da62ec1-3578-457f-ba11-87a4e622d51f,happy
3a8c5730-994a-47d1-9af8-53d33119f5cc,happy
51a0f6e8-26eb-4754-84f4-b3845cbda093,happy
096814eb-e7c3-4f28-b2c6-fa1b525706ab,happy
1782142f-d817-4fab-a267-80d40ad00a10,happy
cf789b94-d893-4ea4-9557-f5af2a7500d2,happy
da14f11a-2657-4532-9167-123be9dd62c0,happy
b1b9ba11-8898-448a-8275-94d40c319da1,happy
95cac6d6-125d-42be-b735-17ae5db887df,happy
54514ffd-1378-4500-a2b3-578ae794ed57,happy
15edba95-840d-4ea6-9196-7e4906df5df9,happy
b81ed64c-8447-4479-9974-9018cfda086b,happy
381bc3d8-278c-438d-bc06-8c5c78881686,happy
94fdc9ed-80ff-4f09-b0a4-b7f9165af243,happy
8c078c2a-2b9a-4c9e-9947-f4ff215c1aa5,happy
0c92b0f8-9ab3-4845-a65a-511ba6b4370b,happy
6493aaf9-1605-4270-bdfe-9f35fa7eea6f,happy
e4a98994-f610-4c61-8ff9-73cb98516615,happy
6bf411ff-9a1d-4ba0-b49f-3579d1d69f5d,happy
18c02873-10f3-4c9d-b79b-11f9a122de41,happy
5efb3f96-3d83-4173-b99c-453874bb542d,happy
4cca4e2e-4087-47ce-949d-b092a31a3bfa,happy
1f1d7a38-0559-4b16-ac1d-c1a5d7911857,happy
399e8287-0677-46e6-895f-c5d0d635f436,happy
a13f75e1-f500-401b-9ce8-8980a10a7c4a,happy
07de41bd-1d03-45ca-851c-53c06a76c129,happy
81af8579-d141-444e-96ae-6d52e6aec3f2,happy
e3b05559-46db-49d7-af5a-a8500d3f51ad,happy
d1241699-3656-4f32-9786-bf6b8fad4339,happy
85a28335-a4a3-4b93-98ec-9791405eccff,happy
70a47c4a-c31e-4649-bfc2-0d9ee7b3a9b4,happy
66797077-8367-43b7-befd-22f940b69354,happy
576acff0-623e-453d-9c5c-2ab6b92215bf,happy
dbb042d2-b719-48c5-a196-3344eebff442,happy
3d2d566d-04a6-4ca4-8dad-fe3a1060367a,happy
e4a8bba2-1667-4e59-9cc1-c67c065a8e48,happy
b6225eda-afc1-4126-8b05-51df594618aa,happy
9f6ecd98-ef20-4b6c-87b6-47e8d7f0bcb6,sad
b092274d-2bbf-4e3d-9838-9c0ec4644bc2,sad
3a946ab4-e1cd-4463-915b-01ce64d33418,sad
b1f6d99d-88ec-4d78-b9f8-079853c21ab8,sad
e0f7c9ab-8b56-42c7-8e2e-d0e77964d04c,sad
d2168704-a833-4a8a-9645-e392268a0baf,sad
a508504d-f118-4cc4-ab0f-cb7a2ab1c325,sad
7bb43407-3b7a-4cd9-b78c-6b267ebca96b,sad
dd13f302-9997-41c0-9c5c-097de1292f51,sad
acdda53e-f9a1-468a-8e55-aded23a26f6b,sad
9bcb27be-c5ae-4248-a7df-114c79858063,sad
c3267370-7e37-4e9c-b9f0-46eca788068c,sad
d9a01219-0a37-4eb7-af98-fc1eed863f24,sad
bace31c4-1e72-4a82-8cb2-5751d87ec06f,sad
a46adfd6-2959-4f36-9af6-963eebd8dd75,sad
a2566a44-544f-4c09-991b-738312bf94f7,sad
9fea91aa-4aab-4925-85e3-e9a7adf43790,sad
9dca9d34-aa25-46f1-b332-6f38476a93bc,sad
8ccf4009-c91f-4510-9e03-eddcc9a1e688,sad
2d8f2450-adaa-4172-900b-aff09fcafbe5,sad
158e9ab9-9d32-47f3-b42b-1a6d61f7eb35,sad
08b19938-3104-49a2-8251-674c8256d4da,sad
01d25fab-7837-43aa-83b2-0de22e37e270,sad
1270d05d-41e6-470e-8c99-0f44dbb9ebf2,sad
c5cfaf08-876d-4b24-af3f-0cfa750d1c65,sad
2210a31b-53c9-4b4f-96c5-3c2b36efe67c,sad
07f8702a-28f6-4072-8087-77370cca8a64,sad
edcf8f3c-1eb5-49b6-a81c-1cb70d912348,sad
e63421bd-6fbe-4156-83c2-87e64aa9dc33,sad
43a51dcb-6c2d-44ce-af06-7db637d84e1b,sad
3dce461c-31e4-429a-ae66-cb5eda14488e,sad
3d3d1901-50fd-437d-9c21-be71026d3b55,sad
ab0ad40f-af70-4fef-8a1e-542cd72a5b25,sad
f61cbbe8-0a99-4156-ae5c-ba2362cbf772,sad
b6a4de3b-33f4-4928-963c-e2b40cb8d4d6,sad
8e2b181e-c749-48fc-a663-7213c1f0fb7a,sad
8ffdc99e-4d7b-4ec6-9285-ec08bac57bbb,sad
fd8c3ab5-c5d3-4844-8264-ac92e286b0ca,sad
f7cab24f-f468-4329-8b21-95d16ea38c07,sad
f5cfe3db-dfef-4d68-aba8-e06ba2d00bdb,sad
f27675c8-d9ea-408c-ae6e-baee02af21eb,sad
daed3151-e786-40ff-89d8-09309ca8303a,sad
d9c55e83-2273-4d5d-852a-71c215fa4549,sad
d2ffb8b3-c2a2-418e-bbbf-89521d770db1,sad
b8fb4368-1184-49a0-868b-d15eebdaf045,sad
abbd516a-be4b-4344-b2d5-1fe36ac7a082,sad
a8a3ad2d-96fd-4632-b136-5339575fdee2,sad
a1f55682-d387-4f4c-a3e3-98cfa2d91b7b,sad
8a80ffbd-ebfc-41fc-820d-2b6e1933d55d,sad
7868a9a3-bad7-4c81-8b6b-db3a826ab40b,sad
6f13068d-1a67-4583-a414-5d700b7a9ece,sad
6801fb70-292f-4abc-b6c3-826458fa0943,sad
583bf232-ea52-437b-ac28-85152036e7c2,sad
57a312f1-6de1-4f6e-94f4-46144c92add5,sad
4b0b91fb-d435-49fc-97e3-0aa779b21b30,sad
4450fc56-2d77-410a-9bf2-791622c9f5f1,sad
26fef41e-44e2-457e-8219-431d1df9bf60,sad
180aa364-812a-448d-a1e2-d0d5e5d6686c,sad
119f4574-d6cf-488f-99f8-66d5b5d8571d,sad
0698d23d-b340-4c17-9a94-b6a6fe13486a,sad
c57f1e0f-3246-437a-840b-cb5e6eff70e4,sad
06a1a71d-aec9-472d-ae50-3e54e98c2e00,sad
eb3111ee-0d72-4172-9811-8c31146f84fa,sad
ec20c192-ec73-4029-abe2-31e126392e74,sad
44ab1de3-7624-42f7-9d6d-5a4d423e3fbf,sad
df300663-1c6f-4730-9016-7398c3d1b362,sad
79dd828f-3841-4117-a6d4-f8c0a6c2855d,sad
7f9d2366-c834-41b0-b4c1-d5e890877b54,sad
3cf466ce-bb2f-4194-b045-04c82abf8ba6,sad
3aa5f0ad-07c6-47ae-b730-7a84e9d016b3,sad
3dbc0f01-7197-49ac-9d5f-99d3af5e2aef,sad
3be64f49-98a3-426d-823d-c337a622dbe0,sad
a7ef01be-6747-41b3-accf-e50eebc0372d,sad
fef0ef62-5ed6-4da2-a7e0-072fc20707d0,sad
f53d9b87-365c-4ea7-8968-c838b5a40799,sad
bced16ce-8d74-4236-9e63-875c5977189e,sad
b5fa74c2-819e-4508-b9b1-0af6e400adba,sad
bbd184d4-0456-49ca-8a08-b2ee7c2053db,sad
8072cb75-2ffa-402c-898f-d197bb7d50f9,sad
fdfe50e6-4d34-43c7-9fbe-9dccabcc0997,sad
fd82fb11-d05d-40b5-8fa9-ed5d7946e9eb,sad
ed70dfa1-b7c0-4f5d-84f5-48c058d659d9,sad
de411830-c09b-4401-b06f-b2d044713c07,sad
de238367-5ece-4e47-96bc-430e054a3979,sad
d98a4759-bca0-4276-8583-b90a6b105c17,sad
ce20bc35-9612-47a9-8f90-f063aff643e2,sad
cd3db785-d9d7-4b2b-af3a-c229c8003497,sad
c95a218b-bb61-4020-9d6d-513d86b5b73a,sad
c6024eee-b78d-4627-b31b-f8f957be1c6c,sad
b995087a-b55e-445c-bd53-114fbebed083,sad
b69ceccc-f386-4c59-b9ed-873a24aa95fa,sad
b529c897-42d8-44cd-a02a-c6ed601ecf1b,sad
b0c9d692-cfdc-4076-a116-e29057e12ab2,sad
afa845f1-9b9e-4a71-8e19-87f6eca2c684,sad
9fd7f880-adb7-4a42-be34-66815796a2e0,sad
9720b4d1-0476-4553-b74a-2bf447709835,sad
94355c1a-f75d-4cd6-af12-4727ed5a6f50,sad
942bce42-968b-4c4c-b6ff-d9a29945afb4,sad
91222197-f9bf-4edd-9364-b786982dca0f,sad
84ee877c-577c-4b82-895a-9f5f7116d8fe,sad
84da7b68-4d24-4723-95da-0efcf1fe115b,sad
80b76239-cfad-4d08-abfa-f8ce20ca8499,sad
80288c92-8a45-4ec3-ab41-51702b0ea369,sad
7794b6d5-d9ab-4c13-b583-7c6cc29ead19,sad
7247ea50-4539-4161-8672-4f428bfea364,sad
69486a9c-a3e7-4f44-90b4-0bbc480a53a7,sad
6626f59a-67f8-4f4e-bd26-05ad142f187c,sad
61c71b27-9fe1-4a07-97bc-2276e2cc8d5e,sad
60e400cf-99dc-4f4b-bc1a-010354e846e0,sad
5d18e50c-3f9d-4a1a-9e03-408ca36a5a56,sad
5ce5d3ec-0055-48df-bac1-74749e9ae03e,sad
596bc246-f269-4c54-98b6-6c3b9a205e76,sad
51053c13-ce86-4ced-9772-fef25dd2dfdf,sad
46bca67c-2bdb-4929-9747-4c7b3eb77ddb,sad
43130d83-f377-463b-88a1-ef8d6b5880ab,sad
37b536f8-4ae8-457b-b923-e2346b596a99,sad
35971451-6235-41a4-a3e4-ec7392ab9437,sad
2bece307-2663-468c-bb8c-080c756d3009,sad
17a59bd3-3873-4ad9-8294-8cdd7a8524ae,sad
1052d39e-e73e-4c96-8beb-1229079a5571,sad
0e16d817-57c7-45c4-8660-6afa4a5272b2,sad
0a20f218-13e3-4f42-ae0a-edb0f0ee0972,sad
086b3933-5893-4e67-91eb-e783cd363945,sad
034e58ea-a547-46b8-a27d-b0c8e70bcff6,sad
176ac145-619b-4f00-a726-558dc126e396,sad
1720eced-ba34-42a7-954c-8a46fb6064ed,sad
1a08340e-75a7-437b-96fc-1d362330739f,sad
16a1032e-b236-4ef7-a40b-66abdaa5a304,sad
ca4701be-3aeb-4cfb-ab7b-785337bf9c96,sad
2fd0a30c-4982-410d-8914-d07ecdf9f056,sad
229fdd86-f733-4f53-be67-a0d8c97b84da,sad
2e4e8fba-4108-40b2-896e-059c9e04d14f,sad
09fc3498-d267-47ec-8db8-502daaa35ee9,sad
0fbe81f5-e2d1-4274-9550-2921ab5a369d,sad
e2950bfe-c546-439e-844f-5fe20634ccbf,sad
75f92fcf-b226-41cb-a782-c481ba1bf802,sad
7faf76c5-f58c-4bb9-95bc-097a2bef3119,sad
739c78fd-2946-43d2-80e8-2e3e6e3985bf,sad
3bb751cc-cead-473c-bf1d-0bfbb44e4bf4,sad
a141dc05-5c36-40db-a503-aa520bdb8d34,sad
f0322c57-fa23-48db-b59f-a893ec89047f,sad
822b1e12-b1d7-48fb-8e5f-c1dd25604120,sad
ff3be079-7330-4f0f-8072-5af5c3f8ae07,sad
faf2c76c-da41-4cb0-bc0e-fe5c92f79282,sad
fa771094-2ce7-47e0-b01e-338ac4af8e30,sad
f9757887-2daf-47cb-9f03-19854707123b,sad
f295d734-9dfa-4550-9b1e-b03bfb74ab5c,sad
ef74ec9e-4e4b-4a50-a02a-a71de840cc9e,sad
ecb0b147-6624-434b-aa8e-7418a15217bd,sad
ea147b4e-610f-4fba-81fe-9f5594db070d,sad
e687e26f-961b-4fba-93ff-2ec4ac8ed75b,sad
e1883646-fde6-437c-9856-00df0ea6bfde,sad
cc2fdebb-b2d9-4e6a-8cae-a971604bde0a,sad
cad228ee-794f-4739-86ce-663fc3b18b94,sad
ca12bbbe-0075-4c2b-8aac-e598f96a2064,sad
c4c9712e-f81a-4089-b822-3b03bb9b9772,sad
b93e4617-72ae-45be-96df-3fc70043b57d,sad
ad481167-cadb-4912-ba2f-1997c3188034,sad
a85f696e-1025-4fe8-bc9b-c56bb85ea697,sad
a744aecd-cc1f-473d-b458-877acaae9480,sad
a634d99a-6510-452c-ad0c-ef65dddad5ec,sad
9e09397e-fbe9-4222-9ad0-c7d9778f2753,sad
9d66cdf9-c9ca-4b81-a94b-eb471533f320,sad
9b889dd5-3a16-4ca1-b2bd-e8a1b3e95c0c,sad
9a8b2dd5-b62d-409e-bab1-ee9a2945e0e6,sad
9164f69f-3beb-44c9-9107-d153ffd51487,sad
831a13d2-7a47-4606-80ef-b30f03d54f07,sad
81f2d91b-e066-4314-8627-49f0861a07b8,sad
81c63647-e7da-4b72-913c-3673b172513b,sad
7722df74-c085-46ab-8954-35de4b7d37c1,sad
74e04150-0dcb-425b-a7fa-a9d3438cb2d7,sad
6f39d30b-0afa-4302-a27f-ae5373004902,sad
6afa5cf9-1514-4209-adcd-ce58b03947c2,sad
69b7cbd2-49e4-4cd7-81c6-34c0ca9f929c,sad
67adfc5f-865c-44e1-b2cd-bdbbe4cb6b2b,sad
5e851d5d-8f50-46a8-9217-35c1fc6f1b76,sad
5c3a571a-3517-4c57-8e2b-a8e8d3bdcb4a,sad
4dd1335d-97db-4dcd-a6fc-6b5de1c0fc77,sad
48a9f978-4b51-4d4e-8b55-6dcafd105313,sad
478037a8-3c06-47df-97a3-e25bb19e31f2,sad
46699a4a-9b0b-445e-85b9-4982d6c7820a,sad
432470dc-b844-46d5-aeb6-3f79dba25000,sad
4198e29f-d5cc-4689-b5cc-37cbd72481cf,sad
31e4ab8d-832a-47d0-a402-1d0ed5b19271,sad
309b76c7-09b8-4d1e-8353-a2b3e642febe,sad
2aa1da96-e02a-4efe-a29c-a0ecec5757a9,sad
27e899bd-0b28-4d8d-970a-2238980a4c87,sad
25417623-5456-4b57-9b8b-f6e96d2da3bc,sad
2525ae9e-5881-4191-8724-778ed5fd21f2,sad
2411b0fd-226e-4a4b-8298-e46ac264cbe2,sad
1d1812e1-18d4-436f-bea5-cc1d933b675f,sad
1504bbfc-2bec-4082-92db-4d3740cb8e88,sad
11dd1a7d-ae7a-42df-82f8-bf338a3f6f6a,sad
117936f2-bd77-40a5-8450-aecbc1bb7e47,sad
071de266-6c3b-4025-8747-70e2bedcf8bc,sad
1165db79-a589-40ac-a89f-c3cbf7c406e9,sad
185adaae-c8ce-4391-8a5f-a784e21c84b4,sad
5d2fe7d1-09be-472a-8b97-473c0a770089,sad
54dea5e0-1677-4d1f-96b6-469d66bcfb4f,sad
5b843131-261f-492c-9189-a08396f7c272,sad
64f4e0dc-5e77-49ea-8c19-6415fea2a8d3,sad
cac69789-8be5-4925-afda-7618c395824e,sad
244b57ab-cf63-470b-a1e2-d8a2d9f28980,sad
0ceca596-4702-4293-89de-b300535c8c6d,sad
012b52ca-d3eb-414d-b2b2-46828f5f5b8e,sad
0ba5614b-4c8a-41a5-9eb4-3acac91a2089,sad
08a30ad4-b275-4003-a28e-d37626f6871a,sad
0153ab49-0435-459a-a431-154c3f74548f,sad
4962077b-0f2d-4124-bf81-6b749dbecc68,sad
4149cd6f-64e8-48b6-bbc5-79e34cfabb87,sad
98d1ab28-e896-4a33-9dad-762c22d282ce,sad
95bc5bf3-b0f6-4173-a91e-5b418096c84e,sad
d5956d94-c003-4f83-9a97-d36f5acd7722,sad
d7d4cb2a-a574-432d-8b24-81e75cb65356,sad
dc63d819-b71c-4376-b9ae-1a8c4394b36d,sad
70dbe30a-7545-48e4-8a47-9fff0cbd1129,sad
37305f45-e017-431b-92a0-3c100eb59074,sad
3eb13186-5ba8-431f-9827-23981df89611,sad
36424360-bead-4027-957d-a343fbb11e31,sad
a4509370-2164-4d42-b7d3-5e18561101e9,sad
fb4b6faa-11bd-4329-89d0-d2cff52b1674,sad
fac16540-a635-4b2b-8eaf-6e766957cd93,sad
ff9eb3a9-375f-4ad5-bba8-77490a2d4a89,sad
bdb1925a-ba48-42cb-adbc-859bf7962537,sad
bd60a7da-7aaf-4586-8b96-dc80a8e16213,sad
bbf7cf35-5d96-4b24-bb74-3889007fa84d,sad
8417174c-2791-4605-af2c-c52ed16ab083,sad
f8f66b76-67ce-42bf-8335-1571a32ac02a,sad
f8f0d907-499b-489d-82b7-126662b0c66a,sad
f7fdbaa0-7b57-4d02-bb6a-b1fad1ea3753,sad
f25d1cb6-3d0b-4102-b69c-765f8d5a220e,sad
eed42288-1372-40f7-9b03-fa75075a7c49,sad
eced44e4-f1cb-4f7e-b932-b9f51aae9665,sad
e4ca4301-3e69-4169-aa70-863c68305671,sad
d680522f-cd93-4634-9d17-8679be46d603,sad
d5589975-fe8a-4c4e-ba52-a32f55688407,sad
d433ebd8-98b2-4a89-9b7d-48fdb55c1a58,sad
d098087b-28e1-465f-83f7-583ba601b42d,sad
cdead6c0-82d6-4b76-9125-e2afb551000d,sad
c9dcd11c-e5f9-48f9-9ec8-faa775270f48,sad
c86f1b08-c96c-49b2-a9de-7bf5754dccab,sad
c797ba92-85f8-4e5c-8863-dcf83d8c1b7c,sad
c500d669-fecb-4c11-b9cf-3b7f0c7ab712,sad
c0973020-bcd7-4a63-abbc-1e5b2b3f2460,sad
baf87523-72ea-40ff-abbe-caf397528fc3,sad
b89f9497-10a3-42b4-8d8d-fafecc5d3ef5,sad
b395efdc-6371-430e-8b85-a928b3137e62,sad
a37428f9-e584-402d-a8bd-1db6358643e5,sad
9bebaff5-c119-4e3d-8c74-550db4cc2a5f,sad
96a0e9c2-1b0e-4698-8dee-5965d8217734,sad
9530b3c1-a08b-4f45-a54c-f9c8f3eff8f5,sad
93c58322-af06-4f81-9108-447e167ce0b2,sad
93aefb32-ed2e-4c8c-93c3-0c4e2dc84f46,sad
90bc1cb2-747e-4331-8ccd-e1035e96ed6c,sad
8c746f67-4bfc-4cf4-9700-b82d9c08cdba,sad
8b569ec3-0565-46b9-b365-fd8373bd4cdf,sad
79610505-50ea-4194-927a-780ccc5354f3,sad
746a6b70-d3d2-406f-a56b-bb2669d51f07,sad
71b03008-d061-4151-9b45-541d382ddc4b,sad
6f4295f9-a665-4323-9b65-d7cf177e5173,sad
656349d1-f41d-4128-b182-cd2a7beb841c,sad
640cddb3-14a9-4435-8b7a-240b1da9adfd,sad
61e51332-6d26-4627-bf4c-c3aeaabe5554,sad
617e7de1-1ec8-4775-89df-7eca984484e7,sad
5d104387-d6d6-4f16-81c6-f8c9cfd9bdb8,sad
5658e3c3-8db8-4265-8164-9385cd216a8c,sad
464acb17-bb36-48a8-b6b1-3c5d3a8a89f0,sad
445fba27-4056-47e1-aefc-648738972493,sad
31b86220-5ebd-444d-8e73-19207be5cb7a,sad
30d50f86-6d4d-41e3-a115-296ca31ab3d6,sad
2e541e45-ee68-41fe-9530-0b03dd7488c1,sad
2b5b464a-dd77-4a5e-a9d2-34a664ffbbd8,sad
2312c719-03bb-4f75-81f0-0a5ce0f7a757,sad
21f52eba-c01b-4dba-8321-f16392b226a9,sad
1c8466dd-d652-4f0d-a68d-c7e8bc731ebb,sad
18e24385-7459-4d85-8ea5-f70a5560617e,sad
04971f03-3648-4326-993f-b53926ab24fc,sad
01fb115f-40ed-4cf2-8066-f0b26b1094fa,sad
00f64063-13f9-406a-8c23-7c27d98a8fef,sad
49d19de1-991e-4841-b71c-ddc1c4a9940b,sad
4957ee1d-2fd0-4935-9949-58e670949026,sad
3fed8ca5-a81b-407d-b52c-ad43d08b2c8d,sad
a50eb062-ad7d-4861-8096-ea2dc8e26278,sad
ef40feeb-c94b-44c1-bb73-12f63d5e84ec,sad
706f7476-e937-4880-9fd9-c8b393f700d4,sad
f9ae1691-70a1-42e0-8cd2-bf9d6a2fef4c,sad
a0ac0678-8aac-4b28-9c4f-01be9fe60481,sad
5f979031-3215-472a-8550-00237f85ea35,sad
4993a275-f572-4e5f-a32b-982e5d8af8ca,sad
c41b5edd-0cf7-4a6c-a908-e6ae9ef9238c,sad
e7df00ff-e841-4373-a314-5036aca897c1,sad
bbb2ab16-3fa2-4252-b0e1-743a19cf96cf,sad
65cb8c8e-ae49-42e7-ad4e-6a85ab86355a,sad
87129015-6dc5-4cfc-b71f-5e908fb01f6e,sad
15337ec2-aef1-43ec-b0a2-931fdb656685,sad
9374e3cc-f89a-4313-9048-6c86dd0c6012,sad
ba27302e-85b2-42b9-8b5a-44734c214a02,sad
22cfffbb-2e00-4680-bbb7-cf2e66a1fa46,sad
dc7494ab-ba0d-4586-91d9-36cb7f062be0,sad
d71cb1fe-f9a9-42a5-92b8-d6c62c5970dd,sad
1e9737ea-3bd7-4fe7-90f0-e6babbefb3e1,sad
75aabd49-2831-4488-ba4e-d973d8256ba6,sad
faa182af-7fdf-4f62-8349-e1c1afb790b5,sad
8427deaf-7a35-444d-a061-5470c5e1a361,sad
12aef805-783a-4452-b6f5-55167faf1dbb,sad
10f79d4d-210b-44f2-a85a-c0cb54c8a210,sad
b5f387e4-f69c-4415-8cf6-3b0c118afa2b,sad
8a1abc5c-a4e5-4e65-9d8b-cf18c78dd6ba,sad
395eb543-8e02-4c97-9b20-87917a83cc40,sad
bfc733a7-adc7-409c-b50b-1aaf3014e0b4,sad
034f67f8-e6da-489a-909a-50e85a489255,sad
b5c6d871-b785-4bee-80a8-29e3b00c0592,sad
053743e1-a932-4d4f-8feb-105d874e4cad,sad
68ccea66-c9ec-4783-b948-91df08fba785,sad
0f3957cc-7f74-4ccb-beaa-13c55a55a48c,sad
b1441ed6-f99d-4f2e-9515-98a0ac24a2eb,sad
840861c2-eff7-4244-9db5-010c161ca824,sad
36eb7076-8336-46a4-96a8-2063cd072871,sad
1e2330e0-5dfa-4d4d-b31a-347f7ec6e4c4,sad
e821a6cf-96cd-4290-a747-8d4a624535bb,sad
4a3da591-3bd0-492b-89f1-b2927f57e8a5,sad
12f2b5a5-a1cf-42f6-9188-14bcc1120d33,sad
c41c9078-db71-4bf7-ab78-a00cf96f2fc7,sad
1be3da1f-098f-4104-85db-aff92a8bd2f3,sad
99bc947c-2909-4c6c-8f5e-6ee4115636e7,sad
dd47d08e-1fab-4f9a-91ed-ad5c8b278b8f,sad
574b2dbf-d8bc-47ee-929a-e35aab9e9f61,sad
55199bca-d269-49d9-a756-a21039778fd0,sad
f0c8bad4-1df8-43b7-8f15-d90a05f1a59b,sad
9f24c0f7-a644-4074-8fbd-a1dba03de129,sad
3c7cb053-635f-4fb5-b4f6-3d336ea305ea,sad
ede65837-73bc-4f8f-8e76-c4b4eab9c92a,sad
36d46d1d-9cd6-4418-88eb-6588414a2035,sad
4097d876-ba53-4572-909f-cd57890ba03a,sad
1b9c6626-f418-4702-aeed-6c476374e64d,sad
0eb3ff3b-d0a2-4072-afd4-4375eff66fb9,sad
85bfd708-1612-4c66-b8f3-4adf281b1951,sad
7c4ad927-9f9b-4ffb-85d9-a32f28d8e65d,sad
b9b7f85e-e9cc-4fa2-a0a1-899156e7f445,sad
2cf6f3c2-6f68-4d2b-a2ab-671f5bcf5995,sad
702fedbd-761d-46e1-ac0d-80ad99ec7894,sad
9654d1f6-d8a5-4d03-930d-22b20a879479,sad
fa257eb0-60cf-4a12-b690-e95233fbf586,sad
f48f3b65-7864-4932-94b0-f4a1900a4512,sad
94e3227c-4132-45ce-9956-d9d31f2dba68,sad
1b550823-2a4b-4de4-9905-b52a868dc736,sad
b04450ea-b55d-4744-989d-3c7a61361e27,sad
a8869236-8b80-46cf-bf68-7bd84eacb16d,sad
7fad175c-f7dd-4b1a-b338-d60bff61afce,sad
b7ac8f43-46d8-49f1-abcf-df170be403f7,sad
90adee04-0c3b-4e5d-9283-f3e265666dcf,sad
707bce2d-c764-4908-96d1-9c337c8380e6,sad
b98ecf78-fd30-4c8e-aabd-a66dee68ad97,sad
d5d13df5-c315-4f2b-82b4-d2cddd3440b3,sad
6ce618a6-2a36-46f2-b6e4-91d493cdb5fa,sad
1119eb27-e80e-4822-b9d8-31f098379a03,sad
9ea380ce-9b0d-4dbe-b118-a95a67b1bbd3,sad
5dd3a507-2709-4f67-8851-bac2cad4cee5,sad
fb233c12-f6b0-406b-8fdd-82c64f252149,sad
fecc5927-4cbc-4a55-b117-bf6b7a02d98a,sad
58994e76-ac2b-4f00-b614-e535e8293ef5,sad
631f4885-d50e-4e80-a358-32fe937359be,sad
7d3d2a38-1076-404f-adfa-f74d5fe57234,sad
9a315e63-769c-4f59-ac44-c7efb4659d96,sad
3f55e7c5-b47d-418c-aa1e-63bb8e9f0e9d,sad
19121804-0c97-4269-b3e5-20670c2d0aff,sad
c8941b5b-7c5f-4897-afb2-3f1d2a3870c1,sad
5409d5c5-754f-4bba-b46e-b13bce161d16,sad
96e3bbe1-31d6-4928-9c92-9cd696217f1c,sad
7a364019-b563-4c48-ac9e-ea026719cfbc,sad
7c3cfb34-3c02-4e08-8646-9721a2bbb09a,sad
fa71cd2b-70c4-40cc-82cf-101391a708de,sad
f5d55785-aee6-4ef1-b570-7aced6f462aa,sad
c58a4366-ef91-4440-8832-103f52a38861,sad
9a55f445-f40a-4d66-bcf7-2964e50bb768,sad
64fbc27e-f3e8-4167-9d38-97dc9fe58eb8,sad
5674d37c-305f-40f8-8545-499a0adff6a5,sad
0f60d519-6ad9-482c-b3a6-5a5d436a2eb5,sad
28530225-8edd-4fbb-a6fe-fa237b447211,sad
9b272745-4d7f-4827-95d7-92249f162568,sad
d328f4b2-af92-4b90-9964-11dab8002c33,sad
7ba30fbc-93af-4f0f-b01e-adcf25cff7d7,sad
ae6e167c-14b8-484b-8bad-0725a2d60324,sad
bd3ece51-87a3-476e-9846-0fa2301da383,sad
d2d8a23d-7d3a-4bc7-a8d9-9e12164a4e6d,sad
8cfe8252-1bc9-4ccd-a680-d8e3bbbf271a,sad
2908066b-d27d-42f0-9732-65bdb823756a,sad
1826ce30-2f39-4e66-95a6-758ce1fbfee7,sad
1357e426-3db7-45da-b5df-d7c388550bda,sad
0831244b-6cea-4cb2-ab6b-11daaed038db,sad
fd85704f-33b2-4112-8eac-b4c4be4f17fc,sad
dcd3cfb5-e01e-4f4e-90a1-af3414a9a54b,sad
d7d64074-a789-49b6-8a4f-f41be26b3756,sad
c44d8e6b-edb3-462b-8c98-04ab1285f343,sad
ba5f01f5-0227-4878-9bf6-d70055fee64e,sad
8ea3e974-54eb-4ea8-a69c-59c2afb71c83,sad
74ee3f00-9f5b-4687-9ba4-685587368d39,sad
510809e2-d949-46d1-9fae-39ef32a8abb2,sad
434fe9f6-d36c-4f6a-8f37-a4eab6c855c4,sad
3840cca4-a8f3-44c3-a3c8-8d83ca0dd65b,sad
20e081cc-4add-4356-b641-c0f4da04222a,sad
20c538b9-1227-44e3-9670-a08d1f566a9b,sad
31d67495-7a0f-45c5-84d9-196dfcd167e5,sad
3ac791b6-c309-4ae4-8b54-a422717b48d4,sad
a09cb0d2-630e-413b-9ed4-d9a632c1011a,sad
8afe3164-2f03-4cce-801d-1bddbeef74a5,sad
e60c5dc7-749d-41ba-bcee-aa492a313dab,sad
c47ec0ce-39c3-40c7-83f2-650ffe61e6ae,sad
a7094837-2486-4db6-b3da-7a2e05c92c4c,sad
34b90afb-c317-4dae-9e87-cda32e8d3348,sad
312a950a-de6a-46df-ad19-5ee230aa5f4f,sad
95a0f78a-5064-486e-b7be-e66c5df90b8a,sad
a45b0d9c-052d-40ab-9489-e2ac0483ad6c,sad
6a5eacae-b128-47b1-8279-be86d8857b99,sad
9f755d8a-5b38-434b-b372-2d8c688a4de9,sad
bd808bfa-9482-4715-8e18-8753c3f80446,sad
4f89ea07-f6ad-4088-a2ff-24f6a4344887,sad
88a09f24-bda0-417f-9f21-fe15f662fdec,sad
5d9ee704-099f-40aa-8cec-18d5f1dd50f3,sad
75689bc7-a001-4507-b56a-9e9d80753204,sad
3edfcd9a-aa10-4290-9df4-1159ad4ab24f,sad
551409ec-9a5c-4e3d-912b-7314daade2b1,sad
9e102bc9-3e1c-4123-8bfd-4263056da15e,sad
b32275e9-530b-4105-9661-83339d75e88d,sad
de947a86-57b2-4313-b3dd-8cde36597627,sad
d5751ff0-5c95-445b-8cca-1d1374d56aad,sad
e3a12793-63f3-4f87-a83b-4d70e049ee51,sad
ff1ee1d4-86cc-4d5d-8f42-db124aa55aee,sad
eae9a39e-5c08-4f78-88bc-c9e2513f74de,sad
3833f6d7-2f4e-44fc-988f-4bc52ea6e25e,sad
77f3ba53-c10d-4e7e-8f8b-6f659fab1fa7,sad
f6843ada-af32-4f72-bd89-46b3297df839,sad
e7f9e1c1-95a2-41f9-9e09-b58da9ffcbcc,sad
21d03d37-9bec-43a4-9e91-00c76071427c,sad
511a2ed2-9132-4944-8a52-9e925f90c502,sad
ff2cc8b0-94a0-4168-9fb4-c204169d51ae,sad
2a073dde-078b-4eba-acfd-92d8b5405539,sad
13f7a959-ee69-4959-9b73-f0186f16f3ba,sad
0902b009-b510-464b-a5a8-f1dafa059af7,sad
d84d4691-6f57-43e8-b8e3-a9f2f3749b7e,sad
357497cc-da8c-4efb-85dc-e121866a12c6,sad
2a5290f8-0c2b-4f93-99c3-80d4c0da3926,sad
6a5b6854-026c-44f1-916a-fd35ede01984,sad
e810f694-f6bc-4cb8-a5cd-edeb5ddf55c2,sad
b452e26a-dad5-442f-81cc-466b93c97257,sad
eca79215-3923-4ae5-999d-50b25590e707,sad
349d9da9-22b2-4ecc-9be5-e25f54d11748,sad
4fb47c65-317a-48be-9940-672f7727bd06,sad
b63a4c17-0493-452f-9323-8496ce72bd27,sad
714166d5-5b9e-4de2-ba22-c8319c90661b,sad
0b063aab-9bc0-45c5-89d4-0e64d7518308,sad
f38af6cf-4562-4d38-b1e8-837b0d711211,sad
f285f901-7ec0-44f5-9d68-ad743c9bb912,sad
3454e338-c68c-4fe9-b835-e30613b8aa01,sad
ee198c79-9cd2-4fbf-973e-974798041e97,sad
489aa12e-ceec-4b4d-832d-68be1ecc3a22,sad
39ae4b48-0965-4e4f-baf7-56cd7d136388,sad
ef0b094f-9f58-445f-8608-e6565e550890,sad
4a66eeba-92ad-41ea-b4de-a935e158632f,sad
f694ec06-6466-4fbb-8b55-067a24169276,sad
d321d32b-ecf6-465c-b08e-f5ec20528055,sad
01f37cc6-2e98-41b5-93d6-73f7c8369901,sad
7be7e687-38b3-432f-b161-b42f70a7fcaf,sad
17fd7398-a8ba-4d81-afe1-afbe19b9e9dd,sad
b26c7256-0978-459b-ba5f-dd280fb531f6,sad
e61170e1-eb41-4fb1-bfd1-0059dfbef532,sad
b762e281-8d33-47a7-baaa-a2ae4c41b1c0,sad
5eef3117-44af-41fd-a76b-723ebfa347d4,sad
adb8a76e-1c7a-45d2-84fd-1b12bf319a97,sad
ec16d165-82f3-4c7e-a5cd-3166f8e3f3d0,sad
18028f3a-b8e9-4ffc-90c1-8f94d4868277,sad
eb872832-1385-41ea-b4f4-ebc8248d21b6,sad
4ac7430d-0caa-48e4-b418-63861a9da85a,sad
a24d554e-4efe-4a76-befc-585bbb6219b8,sad
a3f447ef-2d9f-4d15-a741-74bb6b97d4ef,sad
7433c059-9991-47b0-91dd-43988dd858c1,sad
f4945ebf-4e14-461b-867e-d95211a9ed57,sad
e0be5e79-74f8-456e-81b5-c7cd8d6f2e21,sad
18a64097-5dc6-4cbe-9f51-ce8941136626,sad
484ec83f-741d-416d-9d47-9cffd6a2c69f,sad
b7e4e0f5-7a66-4804-b67f-3d6a04c1b070,sad
08c14f4c-4c01-467c-8dcc-9e51e5d3a069,sad
023a16fe-21ff-45ee-b2bf-abab087582f8,sad
2fe73d9b-a345-4673-b09f-1a67eca27b94,sad
0cab3c81-e8b9-4307-8866-7c0e6f293957,sad
33aa4ef0-f41a-44c8-a208-7265523daefc,sad
1f349d7e-6cf0-4d04-802f-9e4f83cb013d,sad
1396ae7b-858c-4f5b-beb1-54406f57109d,sad
24c8706a-e05b-4e87-9c11-78d75ed88cf3,sad
2684cdce-f7ba-4ef1-97db-4177973e2e28,sad
25d8de5e-3662-4ffd-8dea-511a696ac3e7,sad
0b953455-ef5f-4b36-872b-0022aec503d4,sad
ffade668-5f5f-4114-be40-9542960d7e1d,sad
4c498872-70d2-4b01-8115-6224176a7667,sad
bd2982f2-0922-4a01-a16f-5613f8e22a66,sad
8f9b03b3-ce0d-4d84-a1dc-238fe0a551fb,sad
67da34e4-365f-43c4-b65d-6617e15ff8b5,sad
2e3d8136-7a6b-4bc3-820d-02499d5a63de,sad
943986d3-50eb-40a6-8593-4c9a7b2da610,sad
da22993b-a8f0-4f70-8eed-54fe4103f8cf,sad
51cbde82-5237-4392-8f48-e131c556bfaa,sad
258b0a3e-c400-4f0d-b8de-d905be0709b3,sad
860fcc6d-cea8-443c-a2c0-ed3c4887e31c,sad
842b16cc-fd8d-4cb7-bce2-655b5c0498bf,sad
4f10921c-8944-4996-b171-0be5a3bf3506,sad
2ef0f704-a6d0-419b-b630-6a8cbe3b49ae,sad
c76b4781-456b-4ea5-ba1b-be753ef71e7a,sad
a1558015-4e71-40bc-8e0f-ea89e62da990,sad
40ccb7da-c965-4362-9fa8-09f303c6d986,sad
6f5f3259-3806-443c-837e-3e9fbd1e65bd,sad
c9cfc402-fc3c-4745-a176-485742dd65cc,sad
0daffe76-dbcb-4dcf-89df-37fea07bd92e,sad
b13e7192-b558-4f58-bf13-98e865a2bc1e,sad
cc95756e-7ca5-420c-97bd-3fd978c95641,sad
a92754d5-224c-432f-bdc2-5dc0b9287803,sad
9c6e5d76-67e9-478e-a881-068be0155575,sad
3ffd0195-7fb2-45ed-9928-08f7a7a09697,sad
2c4b7873-5585-4083-9865-171469ca294a,sad
256161a4-04cc-4b4b-9bb3-254399ad5600,sad
338b7a38-cd9c-4ebf-bde9-a0ef04b108f4,sad
fd630ca5-a4dd-40f2-a28a-b0dc4ddb4bf6,sad
d62b2aa0-74e0-49ef-806e-53c139f65a97,sad
c9e6dc1a-a423-413b-9fc6-826269149266,sad
aa5e7834-5fb9-48ba-9c66-8cc5fcae7e67,sad
8f0f72df-8d47-4277-bb23-df763d2a1933,sad
bd6fe749-d13e-4bc5-ac07-120b17ff55b7,sad
86fbd958-1bc1-45e6-9804-49d58e02b895,sad
000b104a-8aba-4cee-ac42-4196f4e8102d,sad
d10f1b8f-7cbb-46c4-b0bc-89e7b29dd1d1,sad
1d241d29-dfe8-417f-b19c-12433eb4ddf0,sad
df7f4ba3-6e15-4598-8b7e-fc7aa2de47d6,sad
f4f3933c-af66-4d3f-82b5-f8d73b7a80da,sad
884143d6-a13f-4678-b1a8-f378109c7575,sad
98f07500-a3b1-4e08-8cd1-9fa50142562e,sad
89f30368-081c-46a3-9beb-293a190ac858,sad
18fa3bad-70d8-489b-95ab-84fcb9141de4,sad
0f532eb8-2a5d-4ab6-b4a1-970b4349b5df,sad
028e172b-915f-4e6a-aaad-71824ff89b28,sad
0e210ea4-1b28-4853-a769-a16fb79c4d66,sad
ee5de10b-1af6-48ca-8386-5f003871890b,sad
fb8e80ec-7365-4bd5-a78d-8810ca16a79a,sad
f88b353f-39e8-4866-a2a5-da74628ca204,sad
b4fe4b2b-5fab-44e8-affa-61ad0b35d411,sad
bf0d3cd5-a4f4-4025-8db3-a1cb33e1d3b2,sad
f89098e7-d0ec-4c3d-8b67-9b6aecae3a32,sad
c366a503-6b6b-4da8-b659-c02e4b5f125e,sad
959dc568-d733-40d6-bbd5-32fb2b512dcb,sad
92cc1ddc-df18-4da0-9e42-0930389468d7,sad
86cccba4-7515-4bfa-b9e1-303a56e44acb,sad
4c0e03b5-d755-484c-a346-789080cbf372,sad
14ee6c8d-b15d-4d3a-92c2-cb333439c922,sad
0f813777-5dc0-42eb-94fb-cfafd7895f75,sad
0d360ff7-23fb-4d4e-87f4-7cfb9f57f283,sad
c8baec3c-e9c3-4e1e-9d68-c50b6521ce12,sad
d0e5bfa1-8e54-49a9-8276-ef3cac3596c3,sad
dd3cade7-c522-4ef0-ba1b-4cb62c6533b7,sad
3b4e4ccd-2f38-41ac-9a11-fd7c85d9e5cc,sad
be2fd60d-00ae-4e4b-bc38-a52279409288,sad
8b3613f7-f0bf-4e15-bf16-598eab4b77d5,sad
8215ddb2-1450-48d3-828e-fdf2b7d51830,sad
f32c7985-a822-4df2-b020-4bba330a032f,sad
e3b456e4-d3d5-4622-9673-eb610b6e2d29,sad
db9d5860-8395-437d-8391-c940cdd2c3b3,sad
b66c63ad-3996-4ad9-9c76-ab3890907a10,sad
a66c9456-2fe2-4ccb-8374-5bcf9769f02b,sad
99cd71c3-1593-4ba7-938d-02e884437ac1,sad
71ec35bc-b8a8-445b-8e96-730bf2beb4b8,sad
6e745b0d-f6f8-4215-b18a-a7820f10c015,sad
66efd2c2-4a9d-4f95-bbb3-73931c183b38,sad
59a2882c-e153-4ee5-a376-2bd55290a9c3,sad
4e13e263-d760-435c-a649-3e08de46823a,sad
1a7e3178-215f-44c7-91d9-ca9e9ce2377f,sad
0e26d797-174a-4fe6-bad1-9bd59ab77520,sad
11e42337-62e5-4a7a-91a7-4bacd431a6ee,sad
50992259-b000-4d4d-88d1-c6eb0be9ecda,sad
0c62d368-8c2d-44f4-b1d5-93fe6e16bacb,sad
97437c5e-88eb-4fbf-a7d9-aaacabfa3570,sad
96e74ba0-3556-4d71-8c1e-879c12ff55d4,sad
96f8b4db-492b-4dff-9d79-8448f397eae3,sad
d115d168-28c5-405f-93d0-c3287110d3bf,sad
7ea92bb9-5dbd-4476-83b0-f537751e6280,sad
7f5490bf-e28d-44fb-b5c4-d0952b2e77f2,sad
3e1f631f-f700-413b-a95c-fd846082251f,sad
3c72a3ce-f976-49ab-8920-02616f767a5b,sad
f96f0cb4-a88c-43a7-a2b9-627bee3d4ac0,sad
ba89830d-663c-4473-b857-fc1e21b6a67a,sad
be4c75f5-e097-498f-9479-e7050aef1fc4,sad
849fce10-5bdb-4a6f-b601-f9d279917ccc,sad
f0387239-ff90-4790-823b-5858dbeadfdd,sad
ef25ac72-1afc-4dcd-acf6-24f8ac391086,sad
e682b97b-05dd-4722-80a6-98100397b032,sad
dedf2dc1-06fe-416b-b908-3e25cd9392f6,sad
d9535479-4ed2-4446-80ad-c47dd9fad1eb,sad
c4fe43dd-2839-4c66-a36a-f9c95aa5c667,sad
c0f1a1b7-7073-4062-a1c8-558ca83cab94,sad
b4a01a41-b4f1-4168-a3de-f3d12ab41786,sad
b48b7007-346d-4886-aa12-0428ddde5630,sad
afd7b0c9-2e43-49ab-bcd8-0ceabbdaa651,sad
ab661c9b-7014-4eee-a3f7-200e6ff173d0,sad
98e85755-0fbb-44fe-b2a7-0c2f91e52186,sad
8b398770-8de0-41e3-8feb-8002e98f8347,sad
8b1dcaa0-2d39-4079-95db-3362ad61302f,sad
84c2397b-d9f9-4e7f-b7f2-f1661bac8a4b,sad
84396b75-f4c6-496c-8655-ecc859d07d58,sad
8296f3f9-ad75-44e2-ba6d-6309d7379de7,sad
78f8370d-7254-4619-ae16-44d5deb155ff,sad
70aa15b9-cbdc-4343-8f0d-8af29b67e973,sad
63d42cfc-705c-4ab1-ada0-e8ed866dc6dd,sad
63983145-e6d5-4e55-b5d4-ed38f148a781,sad
5fad193c-36b8-407a-907b-256b4183b08c,sad
5eddf7b5-0b13-4bee-b300-8d40d94a0942,sad
5ed7e6b4-a01f-44c0-bbe4-d6d0ce1f984c,sad
5adfc67e-d2ef-435e-b8c4-faee8b7f8404,sad
53dda1d2-074e-414b-a19e-53a4c0cd0565,sad
534a41d2-2e1e-403d-b57c-87c0e8fb6072,sad
4af8cec5-0cc9-4c67-b541-e5e046bc61d5,sad
2e5e2304-515f-4f19-bc00-b30fdb6b7f79,sad
21dd5151-6944-4774-8773-cc63c2168e82,sad
1cc5b23d-a9e0-4ea6-8d29-8f8f159bafb8,sad
1bd812e4-bf5e-4511-8748-b4a25ad424dc,sad
1afc8d92-888e-45f2-8189-3332929bc0fe,sad
198930ac-303e-4f38-b29d-0d515cf121d6,sad
09833231-5844-4aa3-836d-1128faf55ae2,sad
51dfaed4-d8fd-44e7-9d7c-5750bd2a3ba5,sad
6f4854c2-4a03-41ee-87ee-ba9e60d85f75,sad
69af4a58-4fe7-4384-8745-e5c362e85ed8,sad
c6d5c89e-3d3b-4218-838d-b633e1c67de4,sad
c1d89613-9fe6-494b-808e-cfa604bd40dd,sad
2b0c1bb5-115f-433f-b064-89f6e37512c6,sad
2a9e70eb-6907-4deb-af58-a35063d5c45b,sad
4ce3bb5c-cc9d-4f75-8d8c-c2188f3d023a,sad
734ec0eb-0ec2-40af-9123-114480cec54c,sad
7b9575f5-38fe-4845-86c4-f1a9887cfd71,sad
3404da43-6fed-4431-a375-040e2f5c7ba6,sad
f2c6dd8a-ade1-4d08-9fcb-e10c0d354b4d,sad
bb8c7aa2-6d64-4bf7-9c3d-c337ce7f0feb,sad
bb740ee5-3871-4a2b-acff-bc7c46998638,sad
bb6c15e0-cc13-4d1a-8772-07eabffe2660,sad
85deeb8b-1b9d-47dc-88a3-d1dfc1730f9c,sad
ef723a5a-13b0-4a88-a06e-13d920f795dc,sad
ef13f737-0bc1-47ad-b15a-5a717a3ea617,sad
e939948d-8da0-430e-9937-2836b6496e9b,sad
e17e068a-e35d-4e0c-95dd-e195b0d6afb6,sad
dff2e254-0728-4d83-a9de-1658dbdb78c9,sad
d5b5a39e-0d4e-48a2-87f3-a4738362370d,sad
d006e61f-885e-44ec-9d2e-b60475286e23,sad
cb5212d3-0887-41a8-816a-01c6ee1b3238,sad
cafc3879-e0f8-4fa7-8ea1-272be269953c,sad
c5bd7341-0ff4-4859-9f34-c1a0b09357b0,sad
c5a9a5a1-36a7-4d28-8c7f-0867206ba9da,sad
c379c63b-918f-4edc-a2b5-a3cad9d07c11,sad
c2232447-2879-46b6-baab-db0dbe27b53c,sad
b677ddec-2f9b-4e3e-9bb0-3377d0d047a4,sad
ab6b5903-2a8a-4a9a-b7a0-7c6c6a627806,sad
9d11670f-57fc-4a78-a67a-8a51b8a03273,sad
966b82d7-1cb0-4c52-b988-c510c6236577,sad
95fccb4c-5e15-4683-b6ee-8c762d4cf894,sad
95d1c56f-6ebb-447e-ac01-c79d57e892c0,sad
94a74ff4-1057-4897-a4c6-074fde3cfe5d,sad
9263b608-acf6-455b-9f8f-9cee0899b9c0,sad
77aafb6b-9f95-4652-aaed-3682247cdb48,sad
7267b6bc-c326-40c0-92b3-d4d35063ce15,sad
6bc445ab-d6c6-4a5a-b3b1-4424e5b31676,sad
69b2281c-b50b-49c6-ba3a-16747c05256b,sad
5ae11f4e-c09f-47fb-b09b-e11680191ddb,sad
53881b00-8960-4c05-ab1b-ce1bf50d49af,sad
5351eb71-2e53-4dd0-a5a6-59d1f2f9081a,sad
510e6ba7-6e4a-45c3-8ea9-5194f15d637a,sad
504e5e0d-9207-47a2-af01-5d8bc721f9eb,sad
4f365369-153b-4b08-9516-20ff5850908f,sad
4cce47b2-00ac-4349-b01e-fe9fbdb2dd14,sad
410ebab1-1b80-402f-b458-b6a4448d3650,sad
3fc51ea9-5edd-4a1f-b1bf-f319c94ef76d,sad
31980ea9-f1c5-429f-b4ba-0ba3a48f76d4,sad
25a795f6-f3a6-4270-ab98-ba5939e7e665,sad
123b713c-9ccb-4524-922f-5f37dfc2be3b,sad
1182b958-607d-4032-b385-09152d41391d,sad
0791290a-52cc-49f5-a3d9-a364c23dcc34,sad
02da7b50-9636-423f-bc2a-eaee548f2f5f,sad
028fcec9-8ad2-42f7-9cfd-575fb09fed64,sad
0115aeb9-4f48-4521-bcc2-d1446d06c872,sad
120d7c87-85f5-4c81-a49c-a8f3a6eabc78,sad
1751271c-2e31-4f6c-a038-7595a2452c69,sad
c833d5b9-f60f-4ae5-82ac-2450d5cc74a7,sad
c8ea1cbe-b1be-44c7-ab95-70727317f948,sad
cfb7e13c-5c43-45da-986b-893daa4540b3,sad
4117b11d-624d-450d-a354-1aa0ab1d64cc,sad
9f5fe76f-05c0-4629-ba6d-f8ab74df04af,sad
d2d49e52-4f77-4e28-8965-0240c48ed51c,sad
d24a67ab-8f5f-4b05-8160-72672d9d0309,sad
3ce8da32-f379-4b12-8819-ba3c16d73f28,sad
3b095d56-f312-4de3-a5b5-91281c5f45e2,sad
fb95c6c6-b463-41a4-bafe-ce6cab2c7209,sad
bb8c3ba3-31c4-409e-9484-7002fbd6c492,sad
819254c8-06e2-4425-8363-15dafb732345,sad
f4faf0a4-99f3-4f03-92fa-7a22e8a1a838,sad
f4049086-8361-4e57-8155-02fb4c8942ad,sad
f0cb57f7-93c2-407f-987d-1fae2caa47ae,sad
ea5160fc-ae31-44ec-97d1-7e09200d96d8,sad
d9e5158d-593c-4d8e-a732-c819f6c2107e,sad
d81772e1-3f51-45a0-95d9-dfc78c20974a,sad
d7dc502a-87ff-4112-b883-d2743b3227d9,sad
d0bc8c04-534e-4b75-9c59-bc06ee5baa40,sad
cdfc566b-94f5-483d-abbc-50c2cb1c0e5f,sad
c3ddc5ba-02e1-4783-8f69-09530f7af89a,sad
a43ab1a1-7509-4264-b7d3-e38778db4e26,sad
9980474d-096e-4432-895d-780e1b655d4e,sad
9897c09a-f5a7-49ef-a381-c98eec2cfcd7,sad
97f074c8-b80d-49f4-9493-35e51811298b,sad
925a658a-ac81-4dac-86e6-14da897cc3f8,sad
8d274746-a414-4952-ad9c-046d8d1d3113,sad
8ba7fac0-48c5-4de1-aa09-7656fc6540d8,sad
758f0717-6190-4e77-9cbd-543073e765c3,sad
6d1b05d4-8a94-458a-8c60-6dea3b0dc420,sad
65f6eba6-91cf-4a79-bcfb-e2b8e94d4be0,sad
5f267466-8914-42e9-b587-27ef306eab60,sad
53825228-78a1-4284-b350-bf7980d84184,sad
4aa9c488-c220-4ba1-bb3f-0e2caa90094e,sad
42156ba7-14ad-41c2-b9e1-39f12c5d4dac,sad
2744431d-8f1f-49a2-8baa-ad740db0ed67,sad
27394020-d710-4ac4-90c5-955e8dc67520,sad
2620032c-37a1-4855-9cb3-700bc5803861,sad
1d8d3634-17f6-4352-bba1-0d4d88fafbfe,sad
19e78491-69dd-4426-b4fb-75874a7dcad0,sad
6a13f737-5416-426a-a38f-9f09a979c715,sad
224cd9d9-c2c3-48d4-8e9d-7dfb0ff400fd,sad
9a46c256-e256-471b-a5c2-7170cd4cb1fc,sad
94eaea91-3978-4827-8038-777940b40303,sad
d2c1f9f5-91cb-4a93-bc62-057170b44d10,sad
7e7167b0-d60d-4d65-81a7-8999bc269226,sad
3cf24395-d1de-46c7-81f1-d1ea8759a259,sad
bd6a87ef-89a1-4aa6-8f5c-de0882a51b34,sad
f1140776-bd21-4cab-b4cf-239574c90d9b,sad
f0e99d57-809f-4148-9ea5-bfd5f5978c72,sad
e80861b5-fa86-42d6-a378-77a587903846,sad
e54da7ac-1015-49a8-a57a-fa7eee94a531,sad
e1ad3211-1f20-4b83-84f5-d68d332d2b1f,sad
e1840b67-edd7-4825-9dea-2b61ac2401b7,sad
dd003cf2-1be6-4139-9774-e0c95d26dd8c,sad
ba262286-53e1-4e71-ba7e-d0912f679835,sad
b3bdf124-03f9-4d6c-94b4-41454f192016,sad
b21ba392-d22a-4ea2-9a64-10c28d67dc1c,sad
a82e24bc-0d77-4176-95e4-98ebc13611ee,sad
9d4e1bb5-47b4-4a8b-a447-2c63f4487d85,sad
981887a4-fc41-44c6-804a-c590b9359d1d,sad
93fca12c-06e5-49e0-9850-318512791735,sad
86569f98-f214-40ce-8679-9b043d09a477,sad
83170520-052e-4524-8636-739ce1334413,sad
70ba0ee1-be23-4ace-b276-8f587a433b8e,sad
68652ac6-93a8-4f81-b3d2-0e5a5cf60d6d,sad
5839cd97-f85a-454e-bd2e-53879c52136f,sad
51f6cf1c-5d49-4054-944d-1c17f5b4a58b,sad
466e6726-3053-45b0-b78c-5a6f43b5ceb3,sad
43978d2f-1de1-4f53-955b-dd9479a7127c,sad
38e408ac-b201-4ccc-be6d-d845d7cf9ce5,sad
2a5c7f6f-c621-47d7-aba7-9a6ea4610fa8,sad
1d0baf02-774b-47c1-8543-95af6d16dac7,sad
175bd666-7d2d-4833-ae43-c49cff43e641,sad
0e4578c6-b9a4-4bc8-b0f7-7d2f9f22b6e7,sad
0dc87f6a-c99f-460a-a253-c0d668895ec0,sad
0bcbbeed-4b6e-4836-bd16-d9b4114b0775,sad
5f430ff9-8ca3-4a19-8d63-3e106508f384,sad
610dd8e3-6b2c-41a6-b372-5ebd2e5337f1,sad
6d7d2961-0268-41b6-ab69-6ae1a8dd7668,sad
20e16e00-5402-45a7-b95b-d8b4b823b689,sad
3bab90c7-a0e6-4318-a237-c7eeef84b852,sad
3f00e200-fc4d-4b8a-97a6-cac306a0148e,sad
3bc81e72-f2f4-406e-babc-93c8f1b74142,sad
a740213a-a5d5-464c-8f8f-12119c45c65e,sad
a779cfe6-30e5-409e-a6b6-ef75198d62aa,sad
ec48f43b-970c-400f-a804-de77e04661f9,sad
d0b45b7a-aff9-4efb-93f9-911befbfd863,sad
ca972456-0a1a-4c27-98bc-eb87ec9dfb5e,sad
a43e299c-c1d6-4d21-ab3e-d27d12731c7e,sad
9f53f5de-8bc0-4ee1-9554-cd371f53d577,sad
94a43dad-187c-4a2a-bbb3-d40162ec9bfc,sad
727cca33-aa05-4b5d-a635-b1698d0dbaa1,sad
5f9044d5-9917-4363-bde5-fb5b605ef4a5,sad
58549fdd-ee10-413c-a0a1-2b102e7ab086,sad
57d8f572-f445-4be3-abe3-f0fcd3f6e8b5,sad
482ef121-662a-45b4-a4d7-c39c42950531,sad
44f9fffb-424b-4860-8df5-f68ad88ca5bc,sad
44200d63-47b9-499e-a99c-983950eb8bef,sad
4307a69e-7d87-4a8a-affc-54d1afece5db,sad
327c4945-1ad5-48ab-ae3c-7c0491546211,sad
1de0c883-2753-4f20-add0-3d06d4ac7e79,sad
1900f201-db5a-40c5-9e6b-f5e7d8689ebf,sad
12c7fb9d-6dab-4793-9d2d-fc5d0672aa0e,sad
12b6b3b6-876f-49dc-930d-c66ec3892d56,sad
01997276-4380-4a73-9789-dde9304ae248,sad
3dbd1679-8988-4859-9879-a570e87edc47,sad
127a4a83-7a23-4a7e-9a58-f481d34dbabf,sad
1d5d023a-ee18-41bd-8234-bdd824409ef8,sad
923d9680-b985-4056-a3cd-e5785131c6a5,sad
3762681b-9da6-4c85-88b5-82cd7d7be617,sad
592263ca-3f4c-48b9-a97a-aed73d237947,sad
e9b5eb26-37c6-4c9f-ab2e-e06d0cdc64ff,sad
5bb77e15-2737-4a50-8f7a-feb4f06331c3,sad
cf48b9e1-919c-4756-9fa2-7ee23961b09a,sad
97cb685d-7845-4187-b9f4-50610cc3f359,sad
f61bee00-cc6b-4c95-8583-9207634c9b5b,sad
cd2c35df-5ab6-4c29-b202-f062fccc7406,sad
b13e5d2f-5ed2-4d33-84bc-941b2b513ea4,sad
48badc98-e3bd-46bd-b462-ef90ffcc8aa9,sad
e7a6dd32-72f5-4d60-8be3-497b0e560d1c,sad
92f7944c-463c-4b0a-88e9-5d93107abd5f,sad
2b0045d4-607b-4f7a-b40e-2bd7ef3f796f,sad
347c65de-d4f4-499d-a607-cc209e485dc8,sad
48fb9ac6-2fbc-401f-8632-9421ca2adbce,sad
5a053ed8-ccb7-44b7-b187-241284c2c094,sad
d69f3b31-aec3-47f1-87f4-e5e49be331bc,sad
3bca128f-9819-4685-8ce3-a3a2946e1aaf,sad
d22159b7-a237-433e-8e11-aacd5540b155,sad
9914c927-b203-41f5-8b30-bda8ad19612b,sad
827260c8-bd78-4d61-aa3d-971cba92f5f1,sad
76c150e7-be98-4398-8a50-143f03f94527,sad
709ad3ad-0855-41c1-bcde-b6b8b35431b8,sad
4ffbad77-5ecb-443f-a339-e1ad9177f282,sad
4dd9a7a4-ab31-4a92-8e4b-74ecab8345d6,sad
153a19f1-0aa6-4f5a-b1b3-c9e7c776dc5b,sad
88d244fa-572f-4c04-9205-716fe4823940,sad
b30c0c9b-3e44-40a0-8752-daf37e95e0a1,sad
5e679b76-462d-44e9-bf3f-8dfbc320ced7,sad
4965ce30-5883-4241-abfc-c3818ac698f4,sad
590f9117-73e0-40be-a8dd-1c2edc188790,sad
609ac8a3-e58e-4726-a27a-4a2d913ab75b,sad
97ecd6e3-c5c7-4dff-8190-69c119f90acf,sad
f7f2df2f-6d64-4890-b628-2f79b68a9d20,sad
f6b99530-ce7c-4155-bd93-24fffb0d83a9,sad
0c8d8f78-8567-4b58-a051-ce298e6055d0,sad
dec546d5-1fbb-49c9-a33c-2a513679416b,sad
3132f39f-1850-415a-b471-dd299a2299f1,sad
fc152c58-5aad-4505-ac48-07489c910c40,sad
1359df84-9253-4a46-b8a7-e471cdf6fabe,sad
131c55f3-6031-447c-bf7a-dd0946731354,sad
e2c83bed-703b-4b74-a21c-73201d05ece7,sad
7b48efa9-f956-4daf-ad35-634ca3b335f4,sad
d8c55884-86c7-4409-9c4f-225ce001d384,sad
a5d6f7a3-7ee1-4e96-bc98-f2fe49e6bd22,sad
b60addad-94d2-4bf4-9440-dfc8a6928d9b,sad
4d197ac0-55d3-414b-aee9-06d2eef132b0,sad
283625a8-58f9-4998-87c5-dbe126f03e0b,sad
92a0ed41-f94b-4e87-931d-954b2600422d,sad
9e2269db-0184-43cf-be65-031779dacd67,sad
91186e8e-8528-4a37-a4ab-5f69ae60d028,sad
ac84113a-db22-485d-9850-87c5a2b5a906,sad
e6f3bd6e-4e8e-46c8-bcb0-a0ddf11bd8c8,sad
c7224655-a30a-4d97-a210-cd0218fc1db2,sad
668370e5-b196-4314-aff6-7a2d05b61958,sad
51bdab71-f6db-4233-a9a0-8aabafa8cba3,sad
2cba5588-5aa4-4c90-9b38-696ebd1e8187,sad
62782ea7-9604-451d-b69d-b6dadb649b9e,sad
e955d818-82db-4f42-a7c3-b1e5bd0b35b2,sad
c25e6229-ca0a-4154-b313-eb09f0328833,sad
f8ad9967-b8d1-42e0-9ffb-1eb1a5d85b96,sad
62009741-679a-414a-83a9-c94c958cb12b,sad
c459642c-8a44-4958-852c-8262daccdbaa,sad
533f774d-e8d2-4720-a652-7e38d9e4ebc8,sad
289ada27-3f62-4a42-8ead-fe0d30015c25,sad
6e3e8844-6ff2-4438-a1f0-fd6927be506c,sad
d3c44030-aa27-44f7-b079-22b2780ae4f4,sad
751af075-be76-46aa-a21f-200d9541651b,sad
a771fb6d-8ba4-42b7-90fc-7b09f845e7fe,sad
c2a02548-c0cf-465b-9c83-cb86b31d60fe,sad
9895e90d-7e17-47e1-a57c-803143960bd2,sad
6e09a8c5-9b22-4701-8b74-6afb9e2b8464,sad
6b8fdb39-2b4c-44c8-a0d8-1f924a49ce0a,sad
2d42043d-4a95-4511-a37c-4d3ce9fdef1f,sad
1e202f33-41fc-4133-b5f6-12f30f58047d,sad
04f63b73-a987-4ca4-bc1e-1633385196eb,sad
003df3d6-4f25-454e-a7c3-400de6bcae5f,sad
353cf9b3-072a-4640-b4ea-aa11bfaf3bd4,sad
a882f8c6-2c32-4d1b-8570-76a048277a4b,sad
ae246de0-355c-4958-8425-7d7389fed5f4,sad
8099901b-d79a-4289-9afd-f330193b97ce,sad
8fe84f1a-8ab4-4aa2-a672-3c53cb0e67ff,sad
d2f79cbb-e38f-4758-897a-c2212fc0cf9e,sad
cdca4d92-b74a-4929-bde2-060c3e48f247,sad
b9109195-0449-4900-9399-339882b38c29,sad
9314c2ea-15fc-4064-acf5-4fb58918c8f4,sad
862d377b-1e4f-4311-b0b6-7bf11f7c10d2,sad
75a588e4-280d-4115-a2f0-7437be2cf134,sad
74debd83-1c8d-482b-aa8d-4fa628bd19ff,sad
ca7bf6af-0a50-4597-9037-3df39de2529a,sad
df1f8b98-f33c-4e89-a288-4228957e8941,sad
648b849c-42d9-40a5-b81a-4d9c6806ddf1,sad
49f86777-179a-47b9-81c6-fb07a52e0432,sad
18396d42-16a5-4b3f-8af3-93ff053b08f4,sad
616ff678-0208-41af-82dd-b790aa353271,sad
64fe605e-4684-4249-b326-fbbd3b485ccc,sad
a719a061-0826-44d8-bd0e-08767087cca7,sad
633cab00-6885-44d3-aedb-9bdb99c6d30a,sad
90676d55-8ca9-4ca4-90b5-29035def9126,sad
b04d5f00-bf72-4698-ad49-31713ad9ed51,sad
ee779514-bda5-416f-aed5-66c042b3a3c2,sad
af8be681-2ae6-4ae8-a2c4-ce8e994b06c5,sad
d12d3a05-12b5-4e9d-94ed-9e109daab8c8,sad
a3033c4f-faac-4c4e-85d1-76b6ad08a045,sad
9ddc5386-a32c-4fb4-a0d6-1eb10658b566,sad
4fe10177-5846-4199-a3b0-f40bb40bfd4f,sad
0ed728b9-5b0d-43a2-8eb9-e655fb8b779f,sad
1841b306-6542-4980-b5a7-46efa51c08ec,sad
f3b32bc3-bc84-43df-ab65-8fdf4f76df92,sad
74c20ee3-f5a4-4799-9d58-357b0bc60c7f,sad
5201708e-69da-4bcc-b680-c15fb9605cf4,sad
804935de-d355-40c8-8996-ae51b9e9a087,sad
f3773b24-8540-4394-86d8-fc18509d3757,sad
b5a021fb-b940-4567-b9fc-f5a77e847c73,sad
a76eeb1f-4a58-4454-b28e-e89b82845dda,sad
91d2d341-a095-4d41-b95a-a90a11c32f45,sad
65219fb8-5146-4445-accd-23925ef19097,sad
60229ce0-ca29-4776-a852-3dbc41f6fc57,sad
f15c0a56-8f28-4cf3-ab00-a5821a0f9e56,sad
a8322e8f-cee8-49d8-808c-2578c444d656,sad
0d50471d-50ed-4c22-a5f4-3a540db5a458,sad
57a4ea64-65ed-4cb7-8bd6-180ee803d5b0,sad
0afbc479-02ba-4de8-9a91-59fa8f631fbc,sad
adb5022e-170f-495b-b6fc-b1ba2acb7662,sad
bc5afb1c-82f2-467a-9120-e0bf00f0d792,sad
a38440e6-3f7c-43fe-aded-c8ccb75100ff,sad
4b02e1a6-1d0c-4085-8aa9-72df3f97f0de,sad
6d2e4c4f-85ab-4265-bcc3-4262fd8c6053,sad
dd65e113-71fb-4335-8187-00e2b9cc6b37,sad
96095898-7f91-4990-b91c-956645f520e2,sad
28f056bb-5eca-4ca3-adec-7b9e3fdd42dc,sad
0bf3cb0f-a0f3-4c6a-8d2a-e1fefb6ee366,sad
38fa94a5-d496-46ed-ab37-745d8a0adfcf,sad
f25684c2-4822-4740-af06-4d4ffe7a5435,sad
9f89309c-b9e6-48ee-9d25-c39f4e72bce5,sad
940b330e-6705-4139-818a-5437fcde4937,sad
6d887d98-850f-4bff-bfc7-90037f635b85,sad
2416ec9e-0a86-4d40-917e-9f7ccc0cae5f,sad
5a3eb61b-1f54-4058-b00e-69de9e8578ce,sad
35c0e62a-0921-4cb6-98b6-a4a79df88e83,sad
2e47b4b3-bb35-4cc8-99e7-a322d9c951ce,sad
16ea06c2-79b6-4a3d-bb5c-f0fafa89ae0a,sad
61ba4d1c-1e9b-4fb4-8b42-3a69341df088,sad
46096b96-6fef-4304-b5dc-b20449dfc76c,sad
998fd949-5222-41ba-9cb8-b2272474bfdb,sad
d3a940e8-1fcb-4ac6-b0b9-fa67ae656cde,sad
7b3c2d2a-d748-44eb-bb03-1062f00723b4,sad
f369e310-1277-41e6-9d9e-ab09754f777d,sad
94218498-4aa7-4749-a0a7-de8bb8309761,sad
48c014de-3c91-4d4d-8007-fe1ff3e7a708,sad
46ec4d26-ae79-4e0d-b176-7302d18d96a5,sad
165e45ab-e7ac-48d0-b29a-502c291eefbe,sad
0fd44373-8b35-4630-b0a9-8a1e94524228,sad
078a1c3a-d207-407f-8d23-ab0d75112819,sad
040df5a2-2a4d-4f5d-a1ec-58063158581c,sad
2924ee85-7f8e-4809-b2c6-5338a7f80ac5,sad
26884b79-d090-456b-bdf9-9a1faf1bc5bf,sad
055423fb-f8e4-4d99-9e96-5bbfb061c1fe,sad
e8b8b995-1bc3-475d-abcd-d51e84cfc7b5,sad
de9c3d2c-d0bd-4760-9b37-01b7239869a2,sad
a8d7171e-1c74-42ce-9ab1-8dafb0ad9c24,sad
a2d72037-8885-446d-a912-a4bcc8cff6b6,sad
5fd6aeb0-e48e-4f52-bca0-102973a8c752,sad
4859d2f0-483d-4510-94e2-00f19cbdc02c,sad
4306f240-f913-4de6-9a24-2e8fa39530db,sad
25b44214-757b-44f4-80f6-575874c3982d,sad
4034c598-da52-48a7-a8ec-a280d55dbaf5,sad
ec54e499-ba46-46f7-9e36-3a158b9b35ce,sad
c0cd584a-257a-4455-9fcf-f87eb8952699,sad
61670e81-3313-429b-a62e-25fd3828d5c7,sad
48daded6-9aba-4d55-bd2e-ba66fed58ca7,sad
1d203df3-3541-466b-a285-6ab9189bd1ab,sad
02fbf6f9-f5ca-4e9c-bb2f-7aa4ebcf1fbc,sad
db533922-e494-4731-87fc-fb2863f1adb8,sad
2934c27e-bbbd-47be-a7b3-9fdbbf88e703,sad
0d5f221d-fc03-4205-b780-a32afa348541,sad
4ae16f3a-ac9b-4e3b-97af-cc49efcda44e,sad
f74a4799-3aea-464c-bc47-1afcb0d91bb6,sad
5833001a-4fd5-428d-b743-5416afc46c3e,sad
5ad76d98-b3ce-47b4-bff4-0cf019792c73,sad
08fbd9e4-1bd8-4a16-a325-4be03e4a4dfa,sad
d3eee5b8-fbe9-416c-96f0-c37058516197,sad
7a65f3a6-1ccf-47be-8f1e-76cfed1cc1d9,sad
f7b1eacd-0d08-438e-846f-2228b39eeff0,sad
b8303855-72c0-4a5b-b1bd-31d2ccb2d65f,sad
b2b8cf4f-dd93-4cf0-bafe-2e700310b71d,sad
629f1d32-fae9-4ca6-9827-a8f1c89a564c,sad
2a158830-af76-4a73-b933-6c3f82514850,sad
4fc3901b-8401-4d3a-b39f-508320190369,sad
da1308d1-6037-4ba1-b6fc-a643a4201140,sad
f834ede7-f542-4c8b-8da0-e273eed20c6d,sad
b733aef4-b048-4d54-859b-ab8a29760957,sad
bfff67bd-703f-4748-8913-0c22c8100335,sad
acacb3b9-c6de-4642-96aa-e0de18af0846,sad
f784ee3c-be6c-48cb-8421-c878f2d840b4,sad
e6cebbee-65b7-4d78-a635-a60baa5da7a8,sad
8358ba45-e73a-4308-a0a5-6c09a34e785d,sad
67414cf6-cd63-421f-968e-475ca320aa62,sad
1f673e59-8f85-4c7f-a69a-8554c57eeb7d,sad
fb37c445-aca1-4352-94fc-07614bca6f11,sad
17a6257d-f590-489f-99f7-2bd4f3332357,sad
7eb81138-bb00-4258-a20d-88889542cd57,sad
7e44cce5-a3ea-4345-87e9-06883b1d3a18,sad
3b05be96-7374-42d8-953f-16a0234c1f7d,sad
beffca0a-6624-4688-8c1d-b5e9703d4a42,sad
984c7799-5329-4289-883c-07395edfc308,sad